src,src_name,dest,dest_name,weight
16,ADCY1,1198,PRKACA,0.6930635892786086
18,ADCY3,1198,PRKACA,0.6628970017889514
19,ADCY5,1198,PRKACA,0.7911512276157737
21,ADCY7,1198,PRKACA,0.7668656308533779
22,ADCY9,1198,PRKACA,0.6718999156107506
33,ADRB1,570,GNAI1,0.7018825225532055
34,ADRB2,570,GNAI1,0.6150516376520198
34,ADRB2,572,GNAI3,0.5763377361620466
36,AGAP2,1099,PIK3CA,0.6944161084791025
37,AGER,362,CYBB,0.575887455488555
37,AGER,1207,PRKCB,0.6595120068639517
38,AGTR1,1126,PLCB1,1.1401666316979877
38,AGTR1,1127,PLCB2,0.8396071725214521
38,AGTR1,1128,PLCB3,0.6453815908481677
38,AGTR1,1129,PLCB4,1.2865889548944929
42,AKT1,118,BCL2,0.5885396871715785
42,AKT1,889,MAPK3,0.5850212951617625
42,AKT1,952,MTOR,0.7358467998603979
42,AKT1,1264,RAF1,0.7327179195980231
42,AKT1,1308,RELA,0.6273658998621007
43,AKT1S1,952,MTOR,1.0871021126707396
44,AKT2,118,BCL2,0.5711603244766593
44,AKT2,305,CREB3,0.5105823803227394
44,AKT2,952,MTOR,0.7722675358255704
44,AKT2,982,NFKB1,0.5848171946282188
44,AKT2,1264,RAF1,0.7470788047338526
45,AKT3,43,AKT1S1,0.5040299579229516
45,AKT3,78,ATF2,0.5735201963029491
45,AKT3,118,BCL2,0.8046354416136939
45,AKT3,279,CHUK,0.7137049094599206
45,AKT3,304,CREB1,0.5185590511187911
45,AKT3,306,CREB3L1,0.6028504133239039
45,AKT3,308,CREB3L3,0.5649144785633929
45,AKT3,309,CREB3L4,0.5851518213593712
45,AKT3,952,MTOR,0.5762481012692054
45,AKT3,982,NFKB1,0.6461482383310795
45,AKT3,1264,RAF1,0.7228236436843872
45,AKT3,1308,RELA,0.6843831656811138
57,ANGPT1,316,CSF1R,1.0076176828394334
57,ANGPT1,437,EGFR,0.5459162665666856
57,ANGPT1,458,EPHA2,1.1739265296608208
57,ANGPT1,460,ERBB2,0.5397721368198594
57,ANGPT1,461,ERBB3,0.7653045067563653
57,ANGPT1,495,FGFR1,1.2221646877160917
57,ANGPT1,496,FGFR2,0.9011037413030863
57,ANGPT1,497,FGFR3,0.7546194543751578
57,ANGPT1,498,FGFR4,0.6296967101904253
57,ANGPT1,507,FLT1,1.200902845648428
57,ANGPT1,508,FLT3,0.9180795332416892
57,ANGPT1,510,FLT4,0.9833072868486245
57,ANGPT1,674,IGF1R,0.5749370154614251
57,ANGPT1,776,KDR,0.9130011670291424
57,ANGPT1,780,KIT,1.1936286356300114
57,ANGPT1,931,MET,0.5959210999979405
57,ANGPT1,1023,NTRK1,1.0565982531135278
57,ANGPT1,1024,NTRK2,0.6719292264431715
57,ANGPT1,1067,PDGFRA,0.9090692764768996
57,ANGPT1,1068,PDGFRB,1.2650948934412252
57,ANGPT1,1506,TEK,0.5896278591649207
58,ANGPT2,316,CSF1R,0.8410813362958529
58,ANGPT2,437,EGFR,0.7314772642760848
58,ANGPT2,458,EPHA2,1.1336125627160072
58,ANGPT2,460,ERBB2,0.5567988840863108
58,ANGPT2,495,FGFR1,0.5644859161848824
58,ANGPT2,496,FGFR2,0.7410880405766269
58,ANGPT2,497,FGFR3,0.5814885216144223
58,ANGPT2,507,FLT1,0.6148569987465937
58,ANGPT2,508,FLT3,0.9126693949724236
58,ANGPT2,510,FLT4,0.922813751983146
58,ANGPT2,776,KDR,0.5871109923658271
58,ANGPT2,780,KIT,1.2137815887729326
58,ANGPT2,931,MET,0.6030742405797356
58,ANGPT2,988,NGFR,0.549651952701
58,ANGPT2,1023,NTRK1,0.8274031576390066
58,ANGPT2,1068,PDGFRB,0.9299754081837212
68,AREG,316,CSF1R,0.514296001335606
68,AREG,437,EGFR,0.7473916920522847
68,AREG,458,EPHA2,0.9305674804607408
68,AREG,461,ERBB3,0.6218775121495128
68,AREG,495,FGFR1,0.7061422062416871
68,AREG,496,FGFR2,0.6395812949786583
68,AREG,498,FGFR4,0.6327301747398449
68,AREG,507,FLT1,0.5340949171533187
68,AREG,508,FLT3,0.528108920281132
68,AREG,510,FLT4,0.8449344074198355
68,AREG,776,KDR,0.8244099540635944
68,AREG,780,KIT,0.7325417286949233
68,AREG,1023,NTRK1,0.7048315615407774
68,AREG,1067,PDGFRA,0.9723214821889996
68,AREG,1068,PDGFRB,1.4423430309941372
68,AREG,1506,TEK,0.512081881356183
75,ARNT,507,FLT1,0.7004041163871686
78,ATF2,118,BCL2,0.6535415019840003
78,ATF2,311,CREBBP,0.5196947025756041
80,ATF6B,118,BCL2,0.5448302764445544
80,ATF6B,904,MCL1,0.5324484134248147
107,AVPR2,1126,PLCB1,0.6070110720271866
107,AVPR2,1127,PLCB2,0.611615421809256
107,AVPR2,1128,PLCB3,0.7435376947590461
107,AVPR2,1129,PLCB4,1.0145649591460824
115,BBC3,1558,TP53,0.5899220738792792
117,BCL10,279,CHUK,0.5157240332414706
117,BCL10,888,MAPK14,0.5247349568953117
117,BCL10,1101,PIK3CD,0.532865452998764
118,BCL2,193,CASP3,0.6021834145765751
118,BCL2,993,NLRP1,0.6472990384325384
118,BCL2,1558,TP53,0.5437789584510028
125,BDKRB2,571,GNAI2,0.562279324233532
126,BDNF,316,CSF1R,0.7288636909487347
126,BDNF,437,EGFR,1.1213138015465425
126,BDNF,458,EPHA2,0.9224408752537177
126,BDNF,495,FGFR1,0.968456458983322
126,BDNF,496,FGFR2,1.038304583479961
126,BDNF,497,FGFR3,0.5190593139578901
126,BDNF,507,FLT1,0.7166558607170979
126,BDNF,508,FLT3,0.9297047746678194
126,BDNF,510,FLT4,1.3929576467412217
126,BDNF,776,KDR,0.9729975829521816
126,BDNF,780,KIT,0.7383516407261292
126,BDNF,931,MET,0.5053451894083992
126,BDNF,1023,NTRK1,0.8352724082767964
126,BDNF,1067,PDGFRA,0.7261443257331848
126,BDNF,1068,PDGFRB,1.1127364929998294
130,BIRC3,1567,TRAF3,0.8179119523653449
132,BLNK,149,BTK,1.0315286175813527
132,BLNK,1135,PLCG2,0.563193291798234
148,BTC,437,EGFR,0.8752842539921404
148,BTC,462,ERBB4,0.5058538127690554
149,BTK,1135,PLCG2,0.584536193901052
155,CAB39L,1194,PRKAA1,0.6163337234097223
155,CAB39L,1196,PRKAB1,0.6038474464090542
155,CAB39L,1200,PRKAG1,0.6661123466367522
155,CAB39L,1201,PRKAG2,0.5726662549500664
178,CAMK2A,311,CREBBP,0.9898261623612296
178,CAMK2A,457,EP300,1.04455305164059
179,CAMK2B,311,CREBBP,1.0118814694074292
179,CAMK2B,457,EP300,0.6886505326877037
180,CAMK2D,311,CREBBP,0.5062994472061594
180,CAMK2D,457,EP300,0.6836013107792649
182,CAMK4,630,HDAC4,0.8795342285030832
183,CAMKK2,1196,PRKAB1,0.5190105364968379
183,CAMKK2,1201,PRKAG2,0.5509683878937115
190,CARD9,117,BCL10,0.5685030323375637
190,CARD9,279,CHUK,0.6003825070491682
190,CARD9,679,IKBKG,0.8988740720165271
190,CARD9,884,MAPK10,0.6519214278707901
190,CARD9,886,MAPK12,0.8823991099372507
190,CARD9,888,MAPK14,1.0502652565638224
190,CARD9,889,MAPK3,0.5133498984389007
190,CARD9,895,MAPK9,0.7683426716054479
190,CARD9,1099,PIK3CA,0.6239602267586936
190,CARD9,1100,PIK3CB,0.8213433790020646
190,CARD9,1101,PIK3CD,0.5880782341739783
190,CARD9,1104,PIK3R2,0.6030999039610226
190,CARD9,1105,PIK3R3,0.5878389946185052
191,CASP1,692,IL18,0.5823626895745595
192,CASP10,193,CASP3,0.7973680326094229
192,CASP10,279,CHUK,0.531506020395318
192,CASP10,677,IKBKB,0.5139556071100135
200,CBLB,529,FYN,0.9231577203919491
200,CBLB,818,LCK,0.9802193444222213
208,CCNA1,1298,RB1,0.5852350983691091
221,CCR1,570,GNAI1,0.5349478141715128
221,CCR1,571,GNAI2,0.5183514942104618
221,CCR1,572,GNAI3,0.5414719993093361
221,CCR1,762,JAK2,0.6155921341152862
221,CCR1,763,JAK3,0.7622239822832246
222,CCR10,572,GNAI3,0.5356335134555896
222,CCR10,762,JAK2,0.5975972807655732
223,CCR4,570,GNAI1,1.0511134047992527
223,CCR4,572,GNAI3,0.6752321058108162
224,CCR7,570,GNAI1,1.021261189195017
224,CCR7,571,GNAI2,0.5981331698596477
224,CCR7,572,GNAI3,1.0976223659391204
224,CCR7,763,JAK3,0.5978932042761395
225,CD14,1540,TLR4,0.5457329163948694
226,CD19,1099,PIK3CA,0.7608872542778651
226,CD19,1100,PIK3CB,1.1530899258640903
226,CD19,1101,PIK3CD,0.8226061707983414
226,CD19,1103,PIK3R1,0.6163381810649299
226,CD19,1104,PIK3R2,0.8014607330784203
226,CD19,1105,PIK3R3,0.7944458736106754
228,CD247,529,FYN,1.0112427913739035
229,CD28,599,GRB2,0.6086529952163499
229,CD28,1099,PIK3CA,1.0593914799702664
229,CD28,1100,PIK3CB,0.8412082979145149
229,CD28,1101,PIK3CD,1.1197724027403941
229,CD28,1103,PIK3R1,0.5784861558660244
229,CD28,1104,PIK3R2,0.8154032772096494
229,CD28,1105,PIK3R3,0.9372339889834014
232,CD4,818,LCK,0.7934465954701105
233,CD40,1566,TRAF2,0.6818728556022202
233,CD40,1567,TRAF3,0.7101774194743484
239,CD8A,818,LCK,0.7717836757500965
250,CDC37,42,AKT1,0.6733457310304706
251,CDC42,888,MAPK14,0.6245158305081229
261,CDKN1A,214,CCND2,0.5196723197897275
263,CDKN1C,215,CCND3,0.5035341458084682
263,CDKN1C,258,CDK4,0.6082024568691851
264,CDKN2A,213,CCND1,0.7931633558124305
264,CDKN2A,215,CCND3,0.5137111873676379
264,CDKN2A,258,CDK4,0.5948551091055075
265,CDKN2B,213,CCND1,1.06094359808291
265,CDKN2B,258,CDK4,1.00838791395848
267,CDKN2D,258,CDK4,0.5460741086862981
277,CHRM3,576,GNAS,0.5307820790757736
279,CHUK,982,NFKB1,0.7666298090790709
281,CISH,1462,STAT3,0.6394208192670097
281,CISH,1464,STAT5A,0.6120955063961446
281,CISH,1465,STAT5B,1.233475770180424
282,CNR1,572,GNAI3,0.5590425433591009
283,CNTF,1067,PDGFRA,0.5791633169632405
283,CNTF,1068,PDGFRB,0.777586517855525
284,CNTFR,761,JAK1,0.6556319557770621
284,CNTFR,1580,TYK2,0.5792270748565594
286,COL1A2,746,ITGAV,0.5150595190546786
289,COL4A1,746,ITGAV,0.5297110824069629
289,COL4A1,749,ITGB3,0.5383295164753994
290,COL4A2,746,ITGAV,0.6149978479991356
290,COL4A2,749,ITGB3,0.5281268852064386
291,COL4A3,746,ITGAV,0.5195412759358684
293,COL4A5,749,ITGB3,0.513777767556409
293,COL4A5,1236,PTK2,0.7730435890766483
295,COL6A1,1236,PTK2,0.6090759762407592
296,COL6A2,1236,PTK2,0.5284319756552577
297,COL6A3,1236,PTK2,0.6382340137381106
298,COL9A2,746,ITGAV,0.5802725894997517
298,COL9A2,749,ITGB3,0.5221301682293416
300,COMP,746,ITGAV,0.5371088038509091
304,CREB1,764,JUN,0.9490643894765524
304,CREB1,904,MCL1,0.5239147418333838
305,CREB3,764,JUN,1.0642387495686612
305,CREB3,904,MCL1,0.5165460382277767
306,CREB3L1,118,BCL2,1.7681273778900506
306,CREB3L1,310,CREB5,0.7988182255551995
306,CREB3L1,514,FOS,0.9027324606431648
306,CREB3L1,764,JUN,1.1817574912992617
306,CREB3L1,904,MCL1,0.5413940745405853
306,CREB3L1,1593,VEGFA,0.9525266397186594
306,CREB3L1,1594,VEGFB,0.5013286923834434
307,CREB3L2,118,BCL2,0.7566309874566892
307,CREB3L2,306,CREB3L1,0.6191291231662035
307,CREB3L2,514,FOS,0.5201824729330837
307,CREB3L2,764,JUN,1.1394279289757832
307,CREB3L2,904,MCL1,0.7164010498672724
308,CREB3L3,118,BCL2,1.394791248627007
308,CREB3L3,126,BDNF,0.6276695606609185
308,CREB3L3,306,CREB3L1,0.7100956873036921
308,CREB3L3,310,CREB5,0.8712584563686202
308,CREB3L3,764,JUN,0.9595381533416608
308,CREB3L3,1593,VEGFA,0.5053616791963578
309,CREB3L4,307,CREB3L2,0.5082266162460048
309,CREB3L4,764,JUN,0.9704871396844584
310,CREB5,118,BCL2,1.3341960294948272
310,CREB5,514,FOS,0.8112007242491626
310,CREB5,764,JUN,1.2610606773446005
310,CREB5,904,MCL1,0.8030090587213634
311,CREBBP,75,ARNT,0.5798773531957219
311,CREBBP,507,FLT1,0.7119744801738609
311,CREBBP,766,KAT2A,0.5302380588216086
311,CREBBP,1353,RXRB,0.7157963999469454
311,CREBBP,1462,STAT3,0.5154393159163495
311,CREBBP,1465,STAT5B,0.6598376996815203
312,CRK,1,ABL1,0.7738411236088724
312,CRK,2,ABL2,0.909634614146004
312,CRK,313,CRKL,0.6960839147524287
312,CRK,1247,PXN,0.5366044433205388
313,CRKL,1,ABL1,1.1546691334495942
313,CRKL,2,ABL2,1.0331954568702106
314,CRTC2,42,AKT1,0.7117666472836087
315,CSF1,316,CSF1R,0.6778371157823131
315,CSF1,437,EGFR,0.8318078243949759
315,CSF1,458,EPHA2,1.0928303852056465
315,CSF1,495,FGFR1,0.9165075205732136
315,CSF1,496,FGFR2,0.8480164627234141
315,CSF1,497,FGFR3,0.5503813924578329
315,CSF1,507,FLT1,1.0481875516163806
315,CSF1,508,FLT3,0.6593214542294542
315,CSF1,510,FLT4,1.27548444904387
315,CSF1,674,IGF1R,0.722040689162289
315,CSF1,718,INSR,0.58187032820036
315,CSF1,776,KDR,0.8258018555818126
315,CSF1,780,KIT,0.7476550047596296
315,CSF1,1023,NTRK1,0.9509616521497568
315,CSF1,1067,PDGFRA,0.8358056298146646
315,CSF1,1068,PDGFRB,0.7889661588085194
316,CSF1R,312,CRK,0.5538867204139629
316,CSF1R,313,CRKL,0.806276635802351
316,CSF1R,599,GRB2,0.6250932562785844
316,CSF1R,729,IRS1,1.1192794859409332
316,CSF1R,1126,PLCB1,0.5849232213882108
316,CSF1R,1127,PLCB2,0.6879917404459168
316,CSF1R,1128,PLCB3,0.7813982729800046
316,CSF1R,1386,SHC2,0.5401920111694684
316,CSF1R,1387,SHC3,0.5484512318236132
316,CSF1R,1388,SHC4,0.5412678277119993
317,CSF2,437,EGFR,0.7016739783342928
317,CSF2,1067,PDGFRA,0.7504922368253271
317,CSF2,1068,PDGFRB,0.7459498142202695
318,CSF2RA,761,JAK1,0.8098576237913222
318,CSF2RA,762,JAK2,0.5497784750380864
319,CSF2RB,761,JAK1,0.6683370914232607
319,CSF2RB,762,JAK2,0.5707240269674609
319,CSF2RB,1580,TYK2,0.5827416790959735
320,CSF3,437,EGFR,0.7363590582506732
320,CSF3,761,JAK1,0.5638623532528678
320,CSF3,762,JAK2,0.6812896254161993
320,CSF3,763,JAK3,0.6608072515460662
320,CSF3,1067,PDGFRA,0.6565322841207186
320,CSF3,1068,PDGFRB,1.494418271801745
320,CSF3,1220,PRLR,0.6215188466012478
321,CSF3R,761,JAK1,0.6191978128316502
321,CSF3R,1580,TYK2,0.6398707193632921
333,CTBP1,627,HDAC1,0.8733905891577403
333,CTBP1,628,HDAC2,0.8138948086028297
334,CTBP2,627,HDAC1,0.7852952996889749
334,CTBP2,628,HDAC2,1.063261478766799
335,CTF1,437,EGFR,0.8338652951642871
335,CTF1,1067,PDGFRA,0.9096389530226588
335,CTF1,1068,PDGFRB,1.3087829734819632
347,CX3CR1,572,GNAI3,0.6434268325567246
347,CX3CR1,762,JAK2,0.5455589362264921
347,CX3CR1,763,JAK3,0.5422272639038662
358,CXCR4,570,GNAI1,0.5214588798272114
359,CXCR6,572,GNAI3,0.5000141762274627
380,DDX58,1566,TRAF2,0.5325063267101844
382,DEPTOR,952,MTOR,1.2101554349685708
386,DIAPH1,251,CDC42,0.8520500982180238
389,DLG1,888,MAPK14,0.7569771534452836
397,DOCK2,1261,RAC2,0.5718446265285214
398,DOCK4,1272,RAP1B,0.6856413078804808
399,DRD2,572,GNAI3,0.6059540158758561
405,DUSP1,889,MAPK3,0.5388136326335371
406,DUSP10,886,MAPK12,0.5023067374403277
406,DUSP10,887,MAPK13,0.696324320944647
406,DUSP10,888,MAPK14,0.6746235124766827
406,DUSP10,889,MAPK3,0.5521555012247216
406,DUSP10,895,MAPK9,0.6303871784824877
407,DUSP16,887,MAPK13,0.5346390909515322
407,DUSP16,888,MAPK14,0.8722958971435825
408,DUSP2,883,MAPK1,0.7133401637896895
408,DUSP2,884,MAPK10,0.5306305165713032
408,DUSP2,885,MAPK11,0.6008691292799389
408,DUSP2,888,MAPK14,0.6362123037998875
409,DUSP3,888,MAPK14,0.7281174575909972
409,DUSP3,889,MAPK3,0.6899903535027989
410,DUSP4,887,MAPK13,0.6446196009443762
410,DUSP4,888,MAPK14,0.8034028403150538
410,DUSP4,891,MAPK8,0.6703767044896569
410,DUSP4,895,MAPK9,0.9240165244011828
411,DUSP5,883,MAPK1,0.7664709650756171
411,DUSP5,888,MAPK14,0.7828527580946684
411,DUSP5,891,MAPK8,0.5473748077172786
412,DUSP6,889,MAPK3,0.6453266119274
413,DUSP7,886,MAPK12,0.5194296408012936
413,DUSP7,888,MAPK14,0.7485635042500993
414,DUSP8,883,MAPK1,0.7315611875305573
414,DUSP8,886,MAPK12,0.5459222085153063
414,DUSP8,887,MAPK13,0.5793000025189636
414,DUSP8,888,MAPK14,0.8762626942247153
415,DUSP9,883,MAPK1,0.8966679754899816
415,DUSP9,886,MAPK12,0.5204880532498161
415,DUSP9,887,MAPK13,0.6412447749326626
415,DUSP9,888,MAPK14,1.0948066875493774
415,DUSP9,889,MAPK3,1.2175490735253938
415,DUSP9,891,MAPK8,0.6455914192367346
415,DUSP9,895,MAPK9,0.7072148432334264
416,DVL1,1260,RAC1,0.6076382927286128
416,DVL1,1262,RAC3,0.6044957354820023
417,DVL2,1261,RAC2,0.5609587097191252
427,EDNRA,571,GNAI2,0.7071546897602579
428,EDNRB,570,GNAI1,0.7248679419358571
428,EDNRB,571,GNAI2,0.5457817676166693
428,EDNRB,572,GNAI3,0.8488182121266921
431,EFNA1,316,CSF1R,0.8868386879563332
431,EFNA1,458,EPHA2,0.7479787126493951
431,EFNA1,495,FGFR1,0.8739545983572801
431,EFNA1,498,FGFR4,0.5412701187344888
431,EFNA1,510,FLT4,0.5740860741585493
431,EFNA1,776,KDR,0.6304350196383894
431,EFNA1,780,KIT,1.236494400445372
431,EFNA1,931,MET,0.5005273144381741
431,EFNA1,1023,NTRK1,0.6581270272533101
431,EFNA1,1067,PDGFRA,0.945780352006356
431,EFNA1,1068,PDGFRB,0.8127040488024552
432,EFNA2,316,CSF1R,0.7210587945766748
432,EFNA2,437,EGFR,0.7459318803002436
432,EFNA2,458,EPHA2,0.9741233999064812
432,EFNA2,462,ERBB4,0.5064412135630846
432,EFNA2,495,FGFR1,1.4243306963549305
432,EFNA2,496,FGFR2,0.7005166084816059
432,EFNA2,507,FLT1,1.0671566341537984
432,EFNA2,508,FLT3,0.8033346188565095
432,EFNA2,510,FLT4,1.1621299531621236
432,EFNA2,776,KDR,0.6982787559740244
432,EFNA2,780,KIT,1.3752363421333331
432,EFNA2,988,NGFR,0.5567398340984558
432,EFNA2,1023,NTRK1,0.932190465151022
432,EFNA2,1067,PDGFRA,1.2659256443381308
432,EFNA2,1068,PDGFRB,0.9522230270008246
433,EFNA3,316,CSF1R,0.6655523479760935
433,EFNA3,437,EGFR,0.6894551243633033
433,EFNA3,458,EPHA2,1.0623423560832936
433,EFNA3,495,FGFR1,0.8210860705197167
433,EFNA3,496,FGFR2,0.7113152815649906
433,EFNA3,498,FGFR4,0.5335538332040112
433,EFNA3,507,FLT1,0.63847430346068
433,EFNA3,508,FLT3,0.5879287779331207
433,EFNA3,510,FLT4,0.6351655448166033
433,EFNA3,776,KDR,0.58637077982227
433,EFNA3,780,KIT,1.0145518892134229
433,EFNA3,1023,NTRK1,0.7976171194886168
433,EFNA3,1024,NTRK2,0.5357973778465142
433,EFNA3,1067,PDGFRA,0.6974600896239279
433,EFNA3,1068,PDGFRB,0.6417361807543784
433,EFNA3,1506,TEK,0.5174358625275394
434,EFNA4,316,CSF1R,0.6631044962404605
434,EFNA4,437,EGFR,0.600105153520902
434,EFNA4,458,EPHA2,0.7143436614268771
434,EFNA4,495,FGFR1,0.6413205988705157
434,EFNA4,496,FGFR2,0.6387838789261877
434,EFNA4,497,FGFR3,0.5697276086856922
434,EFNA4,498,FGFR4,0.5226151591787735
434,EFNA4,776,KDR,0.5496686861307051
434,EFNA4,780,KIT,0.8828681055999672
434,EFNA4,1023,NTRK1,0.7420921734844645
434,EFNA4,1067,PDGFRA,0.7796103251244253
434,EFNA4,1068,PDGFRB,0.6361720974557102
435,EFNA5,316,CSF1R,0.8989507089679439
435,EFNA5,437,EGFR,0.8931382786948234
435,EFNA5,458,EPHA2,1.2434346887593468
435,EFNA5,495,FGFR1,0.6322877873899415
435,EFNA5,496,FGFR2,0.9536856926046312
435,EFNA5,507,FLT1,0.8368660495306055
435,EFNA5,508,FLT3,0.7758198630064725
435,EFNA5,510,FLT4,1.3643109467501442
435,EFNA5,776,KDR,1.0370856154710053
435,EFNA5,780,KIT,1.0831283083961656
435,EFNA5,1023,NTRK1,1.0058407385523125
435,EFNA5,1067,PDGFRA,1.0506709657919904
435,EFNA5,1068,PDGFRB,1.4932101917297889
436,EGF,316,CSF1R,0.8556507327593863
436,EGF,437,EGFR,0.599269260528187
436,EGF,458,EPHA2,0.6853514779359102
436,EGF,461,ERBB3,0.5407840777964642
436,EGF,495,FGFR1,0.5241200737034281
436,EGF,507,FLT1,0.7468788937975963
436,EGF,508,FLT3,0.5682651922106743
436,EGF,510,FLT4,0.8201434185728431
436,EGF,674,IGF1R,0.5508001084749897
436,EGF,776,KDR,0.7339332205553849
436,EGF,780,KIT,1.4914410874868431
436,EGF,931,MET,0.5506033848660687
436,EGF,988,NGFR,0.5430376314247648
436,EGF,1023,NTRK1,0.6725520169672867
436,EGF,1067,PDGFRA,0.8262304040137679
436,EGF,1068,PDGFRB,1.1062002968663969
436,EGF,1506,TEK,0.5275897046551109
437,EGFR,599,GRB2,0.6939140936980644
437,EGFR,762,JAK2,0.5415563211672028
437,EGFR,883,MAPK1,0.5909912455516556
437,EGFR,889,MAPK3,0.6419038247627517
437,EGFR,1104,PIK3R2,0.5728665930296604
437,EGFR,1105,PIK3R3,0.6747191072752079
437,EGFR,1134,PLCG1,0.9194327319196116
437,EGFR,1385,SHC1,0.5017510312764595
437,EGFR,1452,SRC,1.1835892975330349
437,EGFR,1465,STAT5B,1.1843947771936654
438,EGLN1,635,HIF1A,0.5693409003006915
440,EGLN3,635,HIF1A,0.8633643651536356
452,ELMO1,1260,RAC1,0.554430221642057
457,EP300,507,FLT1,0.5328537489597996
457,EP300,1352,RXRA,0.5957594641484321
457,EP300,1353,RXRB,0.8331071552510063
457,EP300,1462,STAT3,0.5397224541132648
457,EP300,1465,STAT5B,0.6731938966860374
458,EPHA2,599,GRB2,0.5754209785411756
460,ERBB2,599,GRB2,0.6517838389224683
460,ERBB2,860,MAP2K1,0.5399004186193148
460,ERBB2,1101,PIK3CD,0.5181235005458196
460,ERBB2,1105,PIK3R3,0.5102980682005485
461,ERBB3,599,GRB2,0.7756969284887115
461,ERBB3,1101,PIK3CD,0.5598825628558793
461,ERBB3,1103,PIK3R1,0.6404689953352014
461,ERBB3,1134,PLCG1,0.7505135065565507
461,ERBB3,1385,SHC1,0.5076434027481204
462,ERBB4,599,GRB2,0.5455126857695479
462,ERBB4,729,IRS1,0.6668757446313976
462,ERBB4,1099,PIK3CA,0.8257917962037027
462,ERBB4,1100,PIK3CB,1.04333485395958
462,ERBB4,1101,PIK3CD,1.0668319586043555
462,ERBB4,1103,PIK3R1,0.5680305525039632
462,ERBB4,1104,PIK3R2,0.9601424916336934
462,ERBB4,1105,PIK3R3,0.6413006941011796
462,ERBB4,1135,PLCG2,0.9931477597604194
462,ERBB4,1387,SHC3,0.8822816271334887
462,ERBB4,1388,SHC4,0.7937627311175068
462,ERBB4,1464,STAT5A,0.6568147269388039
462,ERBB4,1465,STAT5B,1.916735507765164
463,EREG,316,CSF1R,0.8788006253074854
463,EREG,437,EGFR,0.6703464310616255
463,EREG,458,EPHA2,1.11300616171211
463,EREG,461,ERBB3,0.7620622138803204
463,EREG,495,FGFR1,1.224009614189466
463,EREG,496,FGFR2,0.6164578390618165
463,EREG,497,FGFR3,0.5868650286380822
463,EREG,498,FGFR4,0.5397902761663621
463,EREG,507,FLT1,0.9967235804845888
463,EREG,508,FLT3,0.6262394595891237
463,EREG,510,FLT4,1.2338090100636083
463,EREG,718,INSR,0.5817430680617691
463,EREG,776,KDR,0.7797630773236354
463,EREG,780,KIT,1.0383006570239863
463,EREG,1023,NTRK1,0.6461743490149576
463,EREG,1067,PDGFRA,0.8519945602146133
463,EREG,1068,PDGFRB,1.0859064732988677
465,ESR1,118,BCL2,0.9585322772463162
465,ESR1,343,CTSD,0.8015638857265004
465,ESR1,424,EBAG9,0.6260202121222392
465,ESR1,466,ESR2,0.8281820990145207
465,ESR1,514,FOS,0.5659424026807149
465,ESR1,764,JUN,1.864892691063384
465,ESR1,785,KRT10,0.6265998027287424
465,ESR1,787,KRT14,0.53876311921825
465,ESR1,788,KRT15,0.5876098670996726
465,ESR1,789,KRT16,0.6623128299921519
465,ESR1,791,KRT18,0.5880978437955491
465,ESR1,969,NCOA1,0.5213282653751472
465,ESR1,971,NCOA3,0.717661511649688
465,ESR1,1280,RARA,0.8802751625577608
465,ESR1,1446,SP1,0.6182858402530352
465,ESR1,1452,SRC,0.9942138896634184
465,ESR1,1514,TGFA,0.5407947760385772
466,ESR2,118,BCL2,0.8715229976922274
466,ESR2,343,CTSD,0.5864073535427451
466,ESR2,424,EBAG9,0.8132641382515431
466,ESR2,764,JUN,1.8566021709392464
466,ESR2,785,KRT10,0.5684399051436534
466,ESR2,786,KRT13,0.8287842742477856
466,ESR2,787,KRT14,0.9014914986342776
466,ESR2,788,KRT15,0.6781863121936721
466,ESR2,789,KRT16,0.6007325869053602
466,ESR2,791,KRT18,0.6325607997054855
466,ESR2,792,KRT19,0.5887882676596442
466,ESR2,969,NCOA1,0.8827575356699525
466,ESR2,971,NCOA3,1.2435261853039263
466,ESR2,1280,RARA,0.8950981840025632
466,ESR2,1446,SP1,0.7561073701518278
466,ESR2,1452,SRC,1.0928311989953121
466,ESR2,1514,TGFA,0.564474932042261
473,F2R,576,GNAS,0.5843199897867938
473,F2R,589,GNG5,0.5159477851353585
473,F2R,1102,PIK3CG,0.517439431635042
477,FARP2,251,CDC42,0.6863545556087047
485,FCER1G,529,FYN,0.5324997635558247
486,FGF1,316,CSF1R,0.8450788086901109
486,FGF1,437,EGFR,0.8099110011166583
486,FGF1,458,EPHA2,0.9110446015372872
486,FGF1,495,FGFR1,0.7442822359967977
486,FGF1,496,FGFR2,0.8725935370661319
486,FGF1,507,FLT1,0.9046394247716912
486,FGF1,508,FLT3,0.7778750376775859
486,FGF1,510,FLT4,0.8779972720580796
486,FGF1,776,KDR,0.8388467534134785
486,FGF1,780,KIT,1.385764343041228
486,FGF1,1023,NTRK1,0.7047221014276147
486,FGF1,1067,PDGFRA,0.9143032564703996
486,FGF1,1068,PDGFRB,0.9908775923152764
487,FGF17,316,CSF1R,0.6059632330240372
487,FGF17,437,EGFR,0.5821695050845543
487,FGF17,458,EPHA2,0.6151972888658443
487,FGF17,461,ERBB3,0.5034850624700388
487,FGF17,462,ERBB4,0.5239353992355367
487,FGF17,495,FGFR1,0.6493977892523012
487,FGF17,496,FGFR2,0.9451876472060878
487,FGF17,507,FLT1,0.7468659040828545
487,FGF17,508,FLT3,0.6220804574588934
487,FGF17,510,FLT4,0.8844302045802275
487,FGF17,776,KDR,0.5986446208630999
487,FGF17,780,KIT,1.084613540271918
487,FGF17,988,NGFR,0.5949061001340548
487,FGF17,1023,NTRK1,0.7416064725567897
487,FGF17,1067,PDGFRA,0.9208092616870998
487,FGF17,1068,PDGFRB,0.5186296244772771
488,FGF18,316,CSF1R,0.8682590134907514
488,FGF18,437,EGFR,0.7175217287692552
488,FGF18,458,EPHA2,0.8940061452177663
488,FGF18,495,FGFR1,1.3588763094817595
488,FGF18,496,FGFR2,1.2279458701610566
488,FGF18,497,FGFR3,0.5002023385837674
488,FGF18,498,FGFR4,0.5450713533287247
488,FGF18,507,FLT1,1.2755518684784573
488,FGF18,508,FLT3,1.2167856605102618
488,FGF18,510,FLT4,1.5436618238687514
488,FGF18,674,IGF1R,0.5373871408713361
488,FGF18,718,INSR,0.7846085044555365
488,FGF18,776,KDR,0.8529726334847509
488,FGF18,780,KIT,1.235492258425802
488,FGF18,1023,NTRK1,0.5953510169560711
488,FGF18,1024,NTRK2,0.5493645293948551
488,FGF18,1067,PDGFRA,0.7759027738124131
488,FGF18,1068,PDGFRB,0.7299971754662692
489,FGF19,316,CSF1R,0.9177324523528416
489,FGF19,437,EGFR,0.8299283687646191
489,FGF19,458,EPHA2,0.7718380560477576
489,FGF19,461,ERBB3,0.5311293422554929
489,FGF19,495,FGFR1,1.0056876870958755
489,FGF19,498,FGFR4,0.5496840357159574
489,FGF19,507,FLT1,0.967241510252158
489,FGF19,508,FLT3,0.8318243511331579
489,FGF19,510,FLT4,0.9850367162371793
489,FGF19,776,KDR,0.9793985895812513
489,FGF19,780,KIT,1.912821011866132
489,FGF19,1023,NTRK1,0.6534685722241799
489,FGF19,1067,PDGFRA,0.9672320874854146
489,FGF19,1068,PDGFRB,1.1659996808816988
490,FGF2,316,CSF1R,1.0917812331890069
490,FGF2,437,EGFR,0.8452894272903602
490,FGF2,458,EPHA2,0.8932503361410151
490,FGF2,495,FGFR1,1.0266520293429495
490,FGF2,496,FGFR2,1.1756563824911912
490,FGF2,497,FGFR3,0.6020026508718729
490,FGF2,498,FGFR4,0.6743559359572827
490,FGF2,508,FLT3,0.8678449912617604
490,FGF2,510,FLT4,1.6434333869411295
490,FGF2,674,IGF1R,0.6222460276447236
490,FGF2,718,INSR,0.5859071967502435
490,FGF2,776,KDR,1.060659808292985
490,FGF2,780,KIT,1.0938863389814892
490,FGF2,931,MET,0.6682623351303238
490,FGF2,1023,NTRK1,1.0429883567616345
490,FGF2,1067,PDGFRA,0.8259458795810739
490,FGF2,1068,PDGFRB,1.1993317696265875
490,FGF2,1506,TEK,0.6671049858288218
491,FGF22,316,CSF1R,1.009348768061803
491,FGF22,437,EGFR,0.5118722046415011
491,FGF22,458,EPHA2,1.074214976032575
491,FGF22,495,FGFR1,0.7369430092473824
491,FGF22,496,FGFR2,0.5479647846892476
491,FGF22,498,FGFR4,0.5523540310872098
491,FGF22,507,FLT1,0.6464050944002034
491,FGF22,508,FLT3,0.6275574393570423
491,FGF22,510,FLT4,1.1503504605342945
491,FGF22,776,KDR,0.8225014249483744
491,FGF22,780,KIT,1.2420700573789265
491,FGF22,1023,NTRK1,0.7353889600218584
491,FGF22,1067,PDGFRA,0.7389909680311879
491,FGF22,1068,PDGFRB,1.435943708817164
491,FGF22,1506,TEK,0.5706275111064315
492,FGF5,316,CSF1R,0.8068232180550695
492,FGF5,437,EGFR,0.6624456725393733
492,FGF5,458,EPHA2,0.9249472531024364
492,FGF5,460,ERBB2,0.5658923716284335
492,FGF5,461,ERBB3,0.6569208371142546
492,FGF5,495,FGFR1,0.9041079650322597
492,FGF5,496,FGFR2,0.6997621495897571
492,FGF5,497,FGFR3,0.5926334717621405
492,FGF5,507,FLT1,0.5765451005970438
492,FGF5,508,FLT3,0.5211969279916957
492,FGF5,510,FLT4,0.8498677847286067
492,FGF5,776,KDR,0.7021305097887913
492,FGF5,780,KIT,0.8870637652231381
492,FGF5,931,MET,0.6237473525727788
492,FGF5,1023,NTRK1,0.5323314237097899
492,FGF5,1067,PDGFRA,0.7325876113027334
492,FGF5,1068,PDGFRB,1.7020640516653658
493,FGF7,316,CSF1R,0.6350402507310112
493,FGF7,437,EGFR,0.86103044723471
493,FGF7,458,EPHA2,1.5856141406965132
493,FGF7,461,ERBB3,0.6580729373109837
493,FGF7,462,ERBB4,0.5653218572493642
493,FGF7,495,FGFR1,1.055575158509115
493,FGF7,496,FGFR2,0.7908803153162202
493,FGF7,498,FGFR4,0.6893480412739641
493,FGF7,507,FLT1,0.8765031531297913
493,FGF7,508,FLT3,0.9887977709722084
493,FGF7,510,FLT4,1.1988207779203852
493,FGF7,776,KDR,0.7505128982011229
493,FGF7,780,KIT,1.5415584924320382
493,FGF7,931,MET,0.7304150648259867
493,FGF7,988,NGFR,0.5550914676859975
493,FGF7,1023,NTRK1,0.8793987383445105
493,FGF7,1067,PDGFRA,0.8801418364048005
493,FGF7,1068,PDGFRB,1.0742060640826825
494,FGF8,316,CSF1R,0.6970130386451879
494,FGF8,437,EGFR,0.7236467356172701
494,FGF8,458,EPHA2,1.1661622003962595
494,FGF8,460,ERBB2,0.5670276766439201
494,FGF8,462,ERBB4,0.5600191798371573
494,FGF8,495,FGFR1,1.2825507757564385
494,FGF8,496,FGFR2,0.9148937411606312
494,FGF8,497,FGFR3,0.5273871381456653
494,FGF8,498,FGFR4,0.7142140323140969
494,FGF8,507,FLT1,1.2617602508515118
494,FGF8,508,FLT3,1.3826346194371582
494,FGF8,510,FLT4,0.8217301480472087
494,FGF8,718,INSR,0.5017752600057671
494,FGF8,776,KDR,0.8892606955642501
494,FGF8,780,KIT,1.0735988091366986
494,FGF8,1023,NTRK1,0.8742614010969798
494,FGF8,1024,NTRK2,0.5343141088883082
494,FGF8,1067,PDGFRA,0.9531037335594494
494,FGF8,1068,PDGFRB,1.1226907863436888
494,FGF8,1506,TEK,0.6287045266091202
495,FGFR1,599,GRB2,0.6627154747179399
495,FGFR1,1129,PLCB4,0.5920766154847419
495,FGFR1,1385,SHC1,0.6028560832142831
496,FGFR2,312,CRK,0.5269979073045155
496,FGFR2,1127,PLCB2,0.5000614829206218
496,FGFR2,1385,SHC1,0.9140782936786612
497,FGFR3,312,CRK,0.5146944280342723
497,FGFR3,599,GRB2,0.6201437071586648
497,FGFR3,729,IRS1,0.7950583138813575
497,FGFR3,1126,PLCB1,0.7159678853631096
497,FGFR3,1127,PLCB2,0.5262587967639168
497,FGFR3,1128,PLCB3,0.5308174302180608
497,FGFR3,1385,SHC1,0.9284205046792826
497,FGFR3,1388,SHC4,0.5305139086325653
498,FGFR4,312,CRK,0.5736512144406637
498,FGFR4,313,CRKL,0.821301798786347
498,FGFR4,599,GRB2,0.758025973662734
498,FGFR4,729,IRS1,0.5491959226317704
498,FGFR4,1128,PLCB3,0.5057339228068789
498,FGFR4,1385,SHC1,0.7041800708083126
498,FGFR4,1386,SHC2,0.6451582800596953
499,FGR,452,ELMO1,0.6173653208573039
499,FGR,755,ITK,0.928899947515068
499,FGR,1100,PIK3CB,1.0249871553271075
499,FGR,1101,PIK3CD,0.8859892214958865
499,FGR,1102,PIK3CG,0.5444739437351623
499,FGR,1103,PIK3R1,0.8364707140484825
499,FGR,1104,PIK3R2,1.2807550020748748
499,FGR,1105,PIK3R3,0.7325724500541886
499,FGR,1385,SHC1,0.5915242927769819
499,FGR,1386,SHC2,0.8412930323431889
499,FGR,1387,SHC3,0.9197668538972116
499,FGR,1388,SHC4,0.6615791537022839
500,FHL1,1460,STAT1,0.8932862238337598
500,FHL1,1461,STAT2,0.6132550274953246
500,FHL1,1462,STAT3,0.9380703570476424
500,FHL1,1465,STAT5B,1.0202028547180817
507,FLT1,312,CRK,1.1916432343423369
507,FLT1,313,CRKL,0.6516307822739085
507,FLT1,729,IRS1,0.642053984105587
507,FLT1,1126,PLCB1,0.6045668999974927
507,FLT1,1127,PLCB2,0.5576207997898261
507,FLT1,1385,SHC1,0.6958897649310529
507,FLT1,1388,SHC4,0.6420064707597097
508,FLT3,729,IRS1,0.5230437104745458
508,FLT3,1385,SHC1,0.7570004437429209
508,FLT3,1386,SHC2,0.7733090691268444
508,FLT3,1387,SHC3,0.8769947349404295
508,FLT3,1388,SHC4,1.0232793168475232
509,FLT3LG,316,CSF1R,1.163400635247429
509,FLT3LG,458,EPHA2,0.8152861314515273
509,FLT3LG,495,FGFR1,0.5739231528248637
509,FLT3LG,507,FLT1,0.6208427526056767
509,FLT3LG,508,FLT3,0.7003338834270835
509,FLT3LG,510,FLT4,0.7092590974643826
509,FLT3LG,776,KDR,0.626395119726658
509,FLT3LG,780,KIT,0.6533887167771657
509,FLT3LG,1023,NTRK1,1.1481269205299516
509,FLT3LG,1067,PDGFRA,0.7472529275963704
509,FLT3LG,1068,PDGFRB,0.8448593073834977
510,FLT4,312,CRK,0.7617216414151092
510,FLT4,313,CRKL,0.8850204049920043
510,FLT4,729,IRS1,0.7167222650721669
510,FLT4,1127,PLCB2,0.6399933849771817
510,FLT4,1128,PLCB3,0.5315452817206581
510,FLT4,1385,SHC1,0.8980890037026257
510,FLT4,1386,SHC2,0.7831354551327725
510,FLT4,1387,SHC3,0.6500391547645753
510,FLT4,1388,SHC4,0.7013975493338269
514,FOS,213,CCND1,0.5845299088784183
514,FOS,258,CDK4,0.8258033111225814
514,FOS,1545,TNF,0.8614017613232137
525,FRS2,313,CRKL,0.5157108681586882
529,FYN,818,LCK,0.6836783337096373
530,FZD1,1128,PLCB3,0.7460512424508731
530,FZD1,1129,PLCB4,0.5234400709159672
532,FZD3,1127,PLCB2,0.6297025196409474
532,FZD3,1128,PLCB3,0.6898802342514196
533,FZD4,1126,PLCB1,0.5993395914246018
533,FZD4,1127,PLCB2,0.5178292999044061
534,FZD5,1127,PLCB2,0.6486194709781558
534,FZD5,1128,PLCB3,0.5785103756546354
535,FZD6,1127,PLCB2,0.5139878830872476
536,FZD7,1129,PLCB4,0.5259739886969328
537,FZD8,1127,PLCB2,0.5847332562319933
537,FZD8,1128,PLCB3,0.9054582883603871
538,FZD9,1126,PLCB1,0.6716845372070869
538,FZD9,1127,PLCB2,0.5571113897487521
538,FZD9,1128,PLCB3,0.9687010041748484
538,FZD9,1129,PLCB4,0.5828289491745332
541,GAB1,1103,PIK3R1,0.5992019942651192
542,GAB2,1099,PIK3CA,0.959715468529612
542,GAB2,1100,PIK3CB,0.6113471874734387
542,GAB2,1101,PIK3CD,0.6245249388739467
542,GAB2,1103,PIK3R1,0.7530505623668432
542,GAB2,1104,PIK3R2,0.5868106144790848
542,GAB2,1105,PIK3R3,0.5128233290277422
547,GABBR2,570,GNAI1,0.7830600292577098
547,GABBR2,571,GNAI2,0.6629268299788236
547,GABBR2,572,GNAI3,0.5510619747762878
559,GHR,762,JAK2,0.5581750001137455
559,GHR,763,JAK3,0.5329779194357495
559,GHR,1220,PRLR,0.5265668774334092
559,GHR,1580,TYK2,0.6146165428527941
562,GLI1,118,BCL2,1.3764309012020628
563,GLI2,118,BCL2,1.2890859462320805
564,GLI3,118,BCL2,1.0047412582207471
564,GLI3,562,GLI1,0.7887120898192128
568,GNA14,1126,PLCB1,1.0864623711133994
568,GNA14,1127,PLCB2,0.6917716768880685
568,GNA14,1128,PLCB3,0.7441082141323325
568,GNA14,1129,PLCB4,0.6909282683084408
569,GNA15,1126,PLCB1,0.526976894835631
569,GNA15,1127,PLCB2,0.6417966228288908
569,GNA15,1128,PLCB3,0.7225749847110516
569,GNA15,1129,PLCB4,0.6080477120868939
570,GNAI1,783,KRAS,0.5812789393278459
570,GNAI1,848,LYN,0.7970778767019508
570,GNAI1,1104,PIK3R2,0.5260089971901228
570,GNAI1,1105,PIK3R3,0.5712541385708997
570,GNAI1,1129,PLCB4,0.5199124594995131
570,GNAI1,1209,PRKCE,0.8991618945263327
570,GNAI1,1452,SRC,1.0197782301654417
571,GNAI2,578,GNB2,0.5134526024727772
571,GNAI2,848,LYN,0.5292888451522837
571,GNAI2,1099,PIK3CA,0.5223861652115981
571,GNAI2,1105,PIK3R3,0.5552151773124934
572,GNAI3,499,FGR,0.6339940122018257
572,GNAI3,848,LYN,0.7854045060773691
572,GNAI3,1452,SRC,0.6493363990137975
574,GNAO1,1126,PLCB1,0.6476040609918223
574,GNAO1,1128,PLCB3,0.698074406311692
574,GNAO1,1129,PLCB4,0.5296864658594131
574,GNAO1,1452,SRC,1.3158578563481569
575,GNAQ,1128,PLCB3,0.5098902829612294
579,GNB3,1016,NRAS,0.6814538234068701
579,GNB3,1099,PIK3CA,0.6550805664466073
579,GNB3,1100,PIK3CB,0.5995659647199013
579,GNB3,1101,PIK3CD,0.6200181661173702
579,GNB3,1127,PLCB2,0.5050753484480083
579,GNB3,1129,PLCB4,0.5637714544311166
580,GNB4,645,HRAS,0.7921066812472418
580,GNB4,783,KRAS,0.5855601700798919
580,GNB4,1016,NRAS,0.5423444551105301
580,GNB4,1102,PIK3CG,0.6927973395834366
580,GNB4,1103,PIK3R1,0.6145761363673955
580,GNB4,1126,PLCB1,0.8839018561566871
580,GNB4,1127,PLCB2,0.5357816043950152
580,GNB4,1129,PLCB4,0.554391925347348
580,GNB4,1196,PRKAB1,0.8493198129503677
580,GNB4,1197,PRKAB2,0.6473222342630227
580,GNB4,1201,PRKAG2,0.500800907596325
580,GNB4,1209,PRKCE,0.8560148219771992
581,GNB5,1099,PIK3CA,0.5190473667656382
581,GNB5,1194,PRKAA1,0.5950234630766014
582,GNG10,1105,PIK3R3,0.5643064384038249
582,GNG10,1128,PLCB3,0.5100350237761934
582,GNG10,1129,PLCB4,0.5028438754379748
582,GNG10,1194,PRKAA1,0.5349094705694976
582,GNG10,1200,PRKAG1,0.53652074765414
582,GNG10,1209,PRKCE,0.6517530228321751
583,GNG11,182,CAMK4,0.7913872074335814
583,GNG11,645,HRAS,1.1309748484132192
583,GNG11,783,KRAS,0.7361970089414778
583,GNG11,949,MRAS,0.7744935811962933
583,GNG11,1016,NRAS,0.9933189169814188
583,GNG11,1104,PIK3R2,0.8036087971801559
583,GNG11,1105,PIK3R3,0.5283955980092286
583,GNG11,1126,PLCB1,0.7998370032757521
583,GNG11,1128,PLCB3,0.8716403957301129
583,GNG11,1194,PRKAA1,0.5537145175039768
583,GNG11,1200,PRKAG1,0.583763056062162
583,GNG11,1201,PRKAG2,0.5171395297162235
583,GNG11,1209,PRKCE,0.7508079915540292
584,GNG12,182,CAMK4,0.5257033860621353
584,GNG12,1016,NRAS,0.5628188666577141
584,GNG12,1128,PLCB3,0.5316595470532776
584,GNG12,1194,PRKAA1,0.7059905427818497
584,GNG12,1196,PRKAB1,0.6427619252043466
584,GNG12,1200,PRKAG1,0.5298044862846534
584,GNG12,1201,PRKAG2,0.5081204045253496
584,GNG12,1209,PRKCE,0.7369569246967633
585,GNG13,182,CAMK4,0.5985875247356792
585,GNG13,1016,NRAS,0.5038076184495973
585,GNG13,1099,PIK3CA,0.5288138770187895
585,GNG13,1101,PIK3CD,0.7248950647190213
585,GNG13,1103,PIK3R1,0.6446918799231449
585,GNG13,1127,PLCB2,0.5128240336353581
585,GNG13,1128,PLCB3,0.8908399099018425
585,GNG13,1129,PLCB4,0.5780889345953861
585,GNG13,1194,PRKAA1,1.2114230121175449
585,GNG13,1195,PRKAA2,0.7492320389486848
585,GNG13,1196,PRKAB1,0.7484036568862695
585,GNG13,1197,PRKAB2,0.6495175843903174
585,GNG13,1200,PRKAG1,1.1445597593672574
585,GNG13,1201,PRKAG2,0.6687441361447175
585,GNG13,1209,PRKCE,0.6215740908558169
586,GNG2,645,HRAS,0.5497956864535809
586,GNG2,783,KRAS,0.9619765087962152
586,GNG2,1099,PIK3CA,0.822823562224706
586,GNG2,1103,PIK3R1,0.5896263875688116
586,GNG2,1105,PIK3R3,0.5783671842887997
586,GNG2,1107,PIK3R5,0.5177777531091124
586,GNG2,1126,PLCB1,0.5425333809262762
586,GNG2,1194,PRKAA1,0.5940005992849667
586,GNG2,1196,PRKAB1,0.6934231148799881
586,GNG2,1201,PRKAG2,0.5778556705762943
586,GNG2,1209,PRKCE,0.5216881058023621
586,GNG2,1345,RRAS,0.6978808675582209
587,GNG3,645,HRAS,0.6374226104235277
587,GNG3,1016,NRAS,0.7786996501187483
587,GNG3,1100,PIK3CB,0.5057527930786212
587,GNG3,1101,PIK3CD,0.7763251280620654
587,GNG3,1105,PIK3R3,0.6647758873800437
587,GNG3,1196,PRKAB1,0.5182717363505314
587,GNG3,1197,PRKAB2,0.5416998217037569
587,GNG3,1200,PRKAG1,0.574391370266676
588,GNG4,182,CAMK4,0.5940423993083338
588,GNG4,949,MRAS,0.5849709950077037
588,GNG4,1016,NRAS,0.8657334517377118
588,GNG4,1099,PIK3CA,0.9070526820452264
588,GNG4,1100,PIK3CB,0.6302399704543252
588,GNG4,1101,PIK3CD,0.8212759773557384
588,GNG4,1102,PIK3CG,0.5946173055330292
588,GNG4,1103,PIK3R1,0.5087983589619398
588,GNG4,1104,PIK3R2,0.6952154177241028
588,GNG4,1105,PIK3R3,0.7321571256344517
588,GNG4,1126,PLCB1,0.5918518753722309
588,GNG4,1128,PLCB3,0.8263426497695034
588,GNG4,1129,PLCB4,0.7691813576035201
588,GNG4,1196,PRKAB1,0.7820492208935321
588,GNG4,1197,PRKAB2,0.5028369276163479
588,GNG4,1201,PRKAG2,0.6948504720504085
588,GNG4,1209,PRKCE,0.6448549585106473
589,GNG5,1105,PIK3R3,0.5328972705019017
590,GNG7,645,HRAS,0.8049589933517078
590,GNG7,783,KRAS,0.8454797731557241
590,GNG7,1016,NRAS,0.5341859160612027
590,GNG7,1103,PIK3R1,0.7726184178143739
590,GNG7,1104,PIK3R2,0.5057179674544993
590,GNG7,1126,PLCB1,0.7076121235266328
590,GNG7,1127,PLCB2,0.5267849214375019
590,GNG7,1128,PLCB3,0.6815659140391896
590,GNG7,1209,PRKCE,0.6464829833557207
599,GRB2,316,CSF1R,0.5698608509575327
599,GRB2,458,EPHA2,0.6133945524537315
599,GRB2,495,FGFR1,0.6720401092742879
599,GRB2,496,FGFR2,0.6530178941359432
599,GRB2,508,FLT3,0.5013918374975521
599,GRB2,776,KDR,0.7026577694962421
599,GRB2,780,KIT,0.8294883938040585
599,GRB2,1023,NTRK1,0.7598315060759584
599,GRB2,1067,PDGFRA,0.5706684589385986
599,GRB2,1068,PDGFRB,0.6109823235310614
599,GRB2,1385,SHC1,0.6028317769795346
610,GRM1,1126,PLCB1,0.6359755652801444
610,GRM1,1128,PLCB3,0.7347560798128445
610,GRM1,1129,PLCB4,0.5767202009524528
611,GRM2,1126,PLCB1,0.6718878963806976
611,GRM2,1127,PLCB2,0.5416884262114764
611,GRM2,1128,PLCB3,0.7527430312087139
612,GRM8,1128,PLCB3,0.6689768413702647
622,HBEGF,437,EGFR,0.5195601796110471
624,HCAR2,570,GNAI1,0.6879334052714209
625,HCAR3,570,GNAI1,0.9564231133398908
625,HCAR3,572,GNAI3,0.7002273327050109
626,HCK,1099,PIK3CA,0.6019825801408539
626,HCK,1100,PIK3CB,0.6655517631210387
626,HCK,1101,PIK3CD,0.6848868014290931
626,HCK,1104,PIK3R2,0.6934279369811217
626,HCK,1105,PIK3R3,0.5518649698235095
626,HCK,1236,PTK2,0.5508713208759825
626,HCK,1385,SHC1,0.8117103651781994
627,HDAC1,628,HDAC2,0.9228811834628384
628,HDAC2,1353,RXRB,0.6631400385250648
629,HDAC3,1353,RXRB,0.5967554548328432
631,HDAC5,926,MEF2A,0.539241068996489
633,HGF,316,CSF1R,1.1183874040842057
633,HGF,437,EGFR,0.9367411491150656
633,HGF,458,EPHA2,0.8555562286016841
633,HGF,460,ERBB2,0.5448101936839521
633,HGF,462,ERBB4,0.5650970991991926
633,HGF,495,FGFR1,1.0061814201374848
633,HGF,496,FGFR2,0.6719986522570253
633,HGF,497,FGFR3,0.5910351662586132
633,HGF,498,FGFR4,0.5619079196825624
633,HGF,507,FLT1,0.9193919690946738
633,HGF,508,FLT3,0.9743835239360731
633,HGF,510,FLT4,1.1234037619705002
633,HGF,718,INSR,0.5101917243174587
633,HGF,776,KDR,0.9038184151053428
633,HGF,780,KIT,1.303036309964955
633,HGF,1023,NTRK1,1.1776384005284246
633,HGF,1024,NTRK2,0.5763498892976107
633,HGF,1067,PDGFRA,1.0743905785183112
633,HGF,1068,PDGFRB,0.8175431065338975
635,HIF1A,118,BCL2,0.9796707007413108
635,HIF1A,507,FLT1,0.5342807701167961
642,HOMER1,1099,PIK3CA,0.5197461835419138
642,HOMER1,1101,PIK3CD,0.5797876454268892
642,HOMER1,1105,PIK3R3,0.5452280681425085
643,HOMER2,1099,PIK3CA,0.5719416106119752
643,HOMER2,1100,PIK3CB,0.9245770604039232
643,HOMER2,1101,PIK3CD,0.5039225512572253
643,HOMER2,1103,PIK3R1,0.5858789583668113
643,HOMER2,1105,PIK3R3,0.7009389691054821
644,HOMER3,1105,PIK3R3,0.5912233368804057
645,HRAS,764,JUN,0.7522847691550849
645,HRAS,888,MAPK14,0.8744363712767759
645,HRAS,1264,RAF1,0.8828477280524869
648,HSP90AA1,42,AKT1,0.5923976877238601
649,HSP90AB1,42,AKT1,0.588329567721424
650,HSP90B1,42,AKT1,0.5803492629279693
651,HSPA1A,884,MAPK10,0.7176899765928586
651,HSPA1A,895,MAPK9,0.7162236387530962
654,HSPA2,884,MAPK10,0.5129207055084407
654,HSPA2,895,MAPK9,0.5708125996092955
655,HSPA6,884,MAPK10,0.7786003401192526
655,HSPA6,895,MAPK9,1.0196300460316707
658,HTR1D,570,GNAI1,0.7307710104001065
667,IFNAR1,1580,TYK2,0.5512943408762415
668,IFNAR2,1580,TYK2,0.5741920267852644
669,IFNE,437,EGFR,0.8620892387193937
669,IFNE,1067,PDGFRA,1.159096759185195
669,IFNE,1068,PDGFRB,0.9607751912514988
671,IFNGR2,982,NFKB1,0.5014337321743371
671,IFNGR2,1580,TYK2,0.5859467804431916
672,IFNLR1,761,JAK1,0.9197894340963104
672,IFNLR1,762,JAK2,0.7973937799533208
673,IGF1,316,CSF1R,0.6974290483786414
673,IGF1,437,EGFR,0.6116403782274574
673,IGF1,458,EPHA2,0.9260182198137046
673,IGF1,495,FGFR1,0.9325227120425552
673,IGF1,496,FGFR2,1.1913369344547389
673,IGF1,497,FGFR3,0.5373190763096014
673,IGF1,498,FGFR4,0.8814356176861717
673,IGF1,507,FLT1,0.5883066435189297
673,IGF1,508,FLT3,0.7136560554965399
673,IGF1,510,FLT4,1.088341843833526
673,IGF1,674,IGF1R,0.5408214390898743
673,IGF1,718,INSR,0.6881631634198129
673,IGF1,776,KDR,0.6979153278128555
673,IGF1,780,KIT,1.307837229133778
673,IGF1,988,NGFR,0.5492112586585185
673,IGF1,1023,NTRK1,0.8869831631580989
673,IGF1,1024,NTRK2,0.6976756192898999
673,IGF1,1067,PDGFRA,0.7957762349707385
673,IGF1,1068,PDGFRB,0.8390464071814979
674,IGF1R,312,CRK,0.6859348544540504
674,IGF1R,313,CRKL,0.7771457926680645
674,IGF1R,599,GRB2,0.6422366861253977
674,IGF1R,1099,PIK3CA,0.6739992864740392
674,IGF1R,1100,PIK3CB,0.7501136942145725
674,IGF1R,1101,PIK3CD,0.5218347150211533
674,IGF1R,1104,PIK3R2,0.8987949859040477
674,IGF1R,1105,PIK3R3,0.6415390185842019
674,IGF1R,1127,PLCB2,0.5304796271026134
674,IGF1R,1128,PLCB3,0.7758455819139878
674,IGF1R,1388,SHC4,0.5063553661728898
679,IKBKG,982,NFKB1,0.544379061491539
680,IL10RA,761,JAK1,0.6329098259098829
680,IL10RA,1580,TYK2,0.6975307602124909
681,IL10RB,1580,TYK2,0.5487679287480811
682,IL11,437,EGFR,0.8953113034367561
682,IL11,1067,PDGFRA,1.0270249274869758
682,IL11,1068,PDGFRB,1.0855767086769146
683,IL11RA,1580,TYK2,0.5335935614032982
684,IL12A,1067,PDGFRA,0.8078775835689158
684,IL12A,1068,PDGFRB,0.6928122036159039
685,IL12RB1,762,JAK2,0.5863488804548979
685,IL12RB1,763,JAK3,0.5837983107194304
685,IL12RB1,1580,TYK2,0.6274685911368579
686,IL12RB2,763,JAK3,0.6713580346355836
686,IL12RB2,1580,TYK2,0.7889761577049891
687,IL13RA1,1580,TYK2,0.5576717389010203
688,IL13RA2,1580,TYK2,0.8465252139295141
689,IL15,437,EGFR,0.9135227487732968
689,IL15,1067,PDGFRA,0.8605279518912236
689,IL15,1068,PDGFRB,0.8708971573660771
691,IL17D,437,EGFR,0.5778468567878008
691,IL17D,1068,PDGFRB,0.6714167894174655
697,IL20RA,761,JAK1,0.8011957782165458
697,IL20RA,1580,TYK2,0.7830506257091958
698,IL20RB,761,JAK1,0.5616033030363421
698,IL20RB,763,JAK3,0.6435184044142565
698,IL20RB,1580,TYK2,0.6081449525120357
699,IL21R,763,JAK3,0.5670107840793207
699,IL21R,1580,TYK2,0.5257620306685568
700,IL22RA1,761,JAK1,0.6982177308954608
701,IL23A,1067,PDGFRA,0.8417680038449664
701,IL23A,1068,PDGFRB,1.2630671879897517
702,IL24,437,EGFR,0.7923915507892767
702,IL24,1067,PDGFRA,0.7876519721001387
702,IL24,1068,PDGFRB,1.0635831174751122
703,IL27RA,761,JAK1,0.5759060775240261
703,IL27RA,762,JAK2,0.5664612712959449
703,IL27RA,1580,TYK2,0.5001180260092951
704,IL2RB,761,JAK1,0.6802502467762679
704,IL2RB,762,JAK2,0.6229918503823381
705,IL2RG,761,JAK1,0.6231821077448937
705,IL2RG,1580,TYK2,0.5843126166456689
706,IL3RA,1580,TYK2,0.6519846513479327
707,IL4R,1220,PRLR,0.5462230180079738
707,IL4R,1580,TYK2,0.7586508474002281
708,IL6,437,EGFR,0.8436557438845436
708,IL6,761,JAK1,0.7580065889284014
708,IL6,1067,PDGFRA,0.7860783735600608
708,IL6,1068,PDGFRB,1.1384069800376893
708,IL6,1462,STAT3,0.7107380577673515
710,IL6ST,761,JAK1,0.5936996880918741
710,IL6ST,1580,TYK2,0.7207472851499915
711,IL7,437,EGFR,0.8626402498843769
711,IL7,761,JAK1,0.5267806680174545
711,IL7,763,JAK3,0.7820554527454078
711,IL7,1067,PDGFRA,0.7557495305935542
711,IL7,1068,PDGFRB,1.3734598291416962
712,IL7R,1580,TYK2,0.6732621170396063
718,INSR,313,CRKL,0.6847481263491015
718,INSR,599,GRB2,0.7201023504448434
718,INSR,730,IRS2,0.5541857704054564
718,INSR,1239,PTPN11,0.7316787218636213
718,INSR,1385,SHC1,0.5505879787883411
726,IRF5,694,IL1B,0.6029112690594047
726,IRF5,1545,TNF,1.0144893158227206
729,IRS1,599,GRB2,0.923440736947426
729,IRS1,1100,PIK3CB,0.5090956769573192
730,IRS2,599,GRB2,0.6306478643945108
730,IRS2,1103,PIK3R1,0.6183490398107097
730,IRS2,1104,PIK3R2,0.5515579259643951
733,ITGA1,746,ITGAV,0.5135562431067228
737,ITGA2B,1236,PTK2,0.5014312627725303
739,ITGA4,749,ITGB3,0.5188786736999949
739,ITGA4,1236,PTK2,0.5305303916955987
743,ITGA9,746,ITGAV,0.6986772167185942
743,ITGA9,1236,PTK2,0.5373886434050897
746,ITGAV,1134,PLCG1,0.6307745262204358
746,ITGAV,1135,PLCG2,0.5527992729097605
746,ITGAV,1452,SRC,0.9953394861270984
749,ITGB3,645,HRAS,0.8325992600992322
749,ITGB3,783,KRAS,1.0216860615027448
749,ITGB3,1016,NRAS,1.0713372305656472
749,ITGB3,1126,PLCB1,0.6349230113439261
749,ITGB3,1127,PLCB2,0.7280719886533916
749,ITGB3,1128,PLCB3,0.9364036237820984
749,ITGB3,1134,PLCG1,0.9022963865970572
749,ITGB3,1135,PLCG2,0.6642218781014283
749,ITGB3,1452,SRC,1.529645739371578
750,ITGB4,1236,PTK2,0.9090315248506764
752,ITGB6,1236,PTK2,0.6395295389772703
755,ITK,1134,PLCG1,0.5321331443885962
759,JAG1,213,CCND1,0.7021570188303788
761,JAK1,1462,STAT3,0.5041360894450918
761,JAK1,1465,STAT5B,0.6040963720530271
762,JAK2,1101,PIK3CD,0.5834730631361404
762,JAK2,1105,PIK3R3,0.516251830322047
762,JAK2,1239,PTPN11,0.6628585059894249
762,JAK2,1385,SHC1,0.572984859906137
762,JAK2,1386,SHC2,0.5392956647197328
762,JAK2,1460,STAT1,0.6349131606519223
762,JAK2,1462,STAT3,0.932798897350828
762,JAK2,1465,STAT5B,0.7596955556422471
763,JAK3,1099,PIK3CA,0.595776699235042
763,JAK3,1100,PIK3CB,0.7236839683687625
763,JAK3,1101,PIK3CD,0.7540536617549757
763,JAK3,1103,PIK3R1,0.8325764935618887
763,JAK3,1104,PIK3R2,0.5817864558969935
763,JAK3,1105,PIK3R3,0.7185712999276195
763,JAK3,1239,PTPN11,0.5593683560786303
763,JAK3,1460,STAT1,0.6456024845130742
763,JAK3,1461,STAT2,0.5879469929883877
763,JAK3,1462,STAT3,0.5345460172742605
763,JAK3,1464,STAT5A,0.7427540301422899
763,JAK3,1465,STAT5B,0.9132072411167124
764,JUN,201,CCL2,0.5233044643265505
764,JUN,1545,TNF,0.6757287494915848
764,JUN,1594,VEGFB,0.6096165024830649
766,KAT2A,1353,RXRB,0.518504731853803
767,KAT2B,1352,RXRA,0.7173905585116397
767,KAT2B,1353,RXRB,0.8129213752845923
776,KDR,251,CDC42,0.5970884040463716
776,KDR,312,CRK,1.3935425618042547
776,KDR,313,CRKL,0.9313371658635636
776,KDR,599,GRB2,0.7742334079138042
776,KDR,729,IRS1,0.9483558390289546
776,KDR,1100,PIK3CB,0.7955199312981374
776,KDR,1101,PIK3CD,0.7663210163513822
776,KDR,1103,PIK3R1,0.6404129878928264
776,KDR,1104,PIK3R2,0.8068783103177944
776,KDR,1105,PIK3R3,0.5987292925982426
776,KDR,1126,PLCB1,0.8767901286793252
776,KDR,1127,PLCB2,0.6226951772347094
776,KDR,1128,PLCB3,0.6018340948969126
776,KDR,1134,PLCG1,0.6088334964433065
776,KDR,1247,PXN,0.534594416214774
776,KDR,1385,SHC1,0.9157708063100776
776,KDR,1386,SHC2,0.5334699551885327
776,KDR,1387,SHC3,0.553945233952254
776,KDR,1388,SHC4,0.6296692330390214
776,KDR,1452,SRC,1.11603183929498
777,KIDINS220,313,CRKL,0.638587058444197
780,KIT,312,CRK,0.9210217585166296
780,KIT,599,GRB2,0.5908033285910884
780,KIT,729,IRS1,0.8417669783035914
780,KIT,1100,PIK3CB,0.905436508655354
780,KIT,1101,PIK3CD,0.9775810120782508
780,KIT,1103,PIK3R1,0.9290609238048394
780,KIT,1104,PIK3R2,1.1097152893276263
780,KIT,1105,PIK3R3,0.5172319989961882
780,KIT,1127,PLCB2,0.5385663574949527
780,KIT,1129,PLCB4,0.6129414766406021
780,KIT,1239,PTPN11,0.8416251216083765
780,KIT,1387,SHC3,0.7770156610757112
780,KIT,1388,SHC4,0.7928265239422521
781,KITLG,316,CSF1R,0.9587082382548641
781,KITLG,437,EGFR,0.5473987029244503
781,KITLG,458,EPHA2,1.0197986661146083
781,KITLG,461,ERBB3,0.5497579455336865
781,KITLG,495,FGFR1,0.7265471242989103
781,KITLG,496,FGFR2,0.6313687259952228
781,KITLG,497,FGFR3,0.5400542108652492
781,KITLG,498,FGFR4,0.6891640737652779
781,KITLG,507,FLT1,0.6727032151073218
781,KITLG,508,FLT3,0.9304459171990556
781,KITLG,510,FLT4,0.990131434518844
781,KITLG,776,KDR,0.6098660172273714
781,KITLG,780,KIT,1.1890168859312928
781,KITLG,1023,NTRK1,1.1733201321874125
781,KITLG,1067,PDGFRA,0.7986551150990029
781,KITLG,1068,PDGFRB,0.8166032487526537
783,KRAS,145,BRAF,0.7469484244162837
783,KRAS,764,JUN,0.8158063986338675
783,KRAS,888,MAPK14,1.0082136909865462
783,KRAS,1105,PIK3R3,0.6709718894291048
783,KRAS,1264,RAF1,1.069095210855206
798,LAMA1,746,ITGAV,0.6798222665985425
798,LAMA1,749,ITGB3,0.7216920683005204
798,LAMA1,1236,PTK2,0.7763503573214015
800,LAMA3,1236,PTK2,0.5355279481969774
801,LAMA4,749,ITGB3,0.5947346286848186
801,LAMA4,1236,PTK2,0.8524953533119213
802,LAMA5,746,ITGAV,0.6252520748724539
802,LAMA5,1236,PTK2,0.5569447562486554
808,LAMC2,1236,PTK2,0.5583113843730341
809,LAMC3,746,ITGAV,0.5672282250598073
809,LAMC3,1236,PTK2,0.5181767836678773
815,LAT,1134,PLCG1,0.9548584562595351
818,LCK,1629,ZAP70,0.8057217989427348
819,LCP2,1135,PLCG2,0.7866031722476086
819,LCP2,1271,RAP1A,0.5803844806815808
819,LCP2,1272,RAP1B,0.566100043679277
821,LEF1,214,CCND2,0.5261416818946599
821,LEF1,764,JUN,1.1576585265807808
821,LEF1,954,MYC,0.5785636756079232
821,LEF1,1498,TCF7,0.5647746182512492
821,LEF1,1499,TCF7L1,0.5367672955384478
823,LEPR,1580,TYK2,0.5002684577523421
825,LIF,1067,PDGFRA,1.1775234460830688
825,LIF,1068,PDGFRB,0.7277490133419633
826,LIFR,761,JAK1,0.5714413150524099
826,LIFR,1580,TYK2,0.7489651466409365
832,LPAR1,578,GNB2,0.5725220461919283
832,LPAR1,582,GNG10,0.5795693256581823
832,LPAR1,1107,PIK3R5,0.5714886511676014
832,LPAR1,1126,PLCB1,0.6583877728631099
832,LPAR1,1127,PLCB2,0.531725068607678
832,LPAR1,1128,PLCB3,0.9288923675815264
832,LPAR1,1129,PLCB4,0.6886075655929744
833,LPAR2,1128,PLCB3,0.531059914190943
834,LPAR3,1102,PIK3CG,0.5325191477624078
834,LPAR3,1127,PLCB2,0.5429073964090397
834,LPAR3,1129,PLCB4,0.6847500948390612
835,LPAR4,1127,PLCB2,0.5185099941057463
835,LPAR4,1128,PLCB3,0.5661345527352144
836,LPAR5,576,GNAS,0.62411419764782
836,LPAR5,1107,PIK3R5,0.5058149048437675
836,LPAR5,1128,PLCB3,0.6772065085669358
836,LPAR5,1129,PLCB4,0.5550604414815704
837,LPAR6,582,GNG10,0.7710493960728249
837,LPAR6,1107,PIK3R5,0.6829041516408325
837,LPAR6,1126,PLCB1,0.8099588695447892
837,LPAR6,1127,PLCB2,0.6750973758598169
837,LPAR6,1128,PLCB3,0.8682381376624108
837,LPAR6,1129,PLCB4,1.0726876032849153
841,LSP1,645,HRAS,0.9363390391362676
841,LSP1,1016,NRAS,0.7474926799846191
841,LSP1,1346,RRAS2,0.5208494398122031
841,LSP1,1452,SRC,0.8341224656750758
846,LTBR,1567,TRAF3,0.531897938841333
848,LYN,149,BTK,0.6827298069372773
848,LYN,235,CD79A,0.6031887513585389
848,LYN,236,CD79B,0.7428882500156758
848,LYN,372,DAPP1,0.8974541298734645
848,LYN,397,DOCK2,0.7378397281359259
848,LYN,452,ELMO1,0.5376687866325179
848,LYN,529,FYN,0.7453839055262506
848,LYN,1105,PIK3R3,0.5551216237867872
848,LYN,1385,SHC1,0.6269064732516805
848,LYN,1479,SYK,0.6003648691655448
856,MALT1,279,CHUK,0.6556889025649677
856,MALT1,886,MAPK12,0.6544518303785783
856,MALT1,888,MAPK14,0.6818620038529237
856,MALT1,1099,PIK3CA,0.5733432464922468
856,MALT1,1101,PIK3CD,0.645140896892796
856,MALT1,1104,PIK3R2,0.545489603963991
858,MAML2,1302,RBPJ,0.6426642830173175
859,MAML3,1302,RBPJ,0.7965898279721538
862,MAP2K3,888,MAPK14,0.6182533213946346
863,MAP2K4,313,CRKL,0.8305495953653008
863,MAP2K4,888,MAPK14,0.7375112411255638
864,MAP2K5,890,MAPK7,0.5027327909522379
865,MAP2K6,887,MAPK13,0.5272151763395717
865,MAP2K6,888,MAPK14,1.280659161694348
866,MAP2K7,888,MAPK14,0.6184207893287142
867,MAP3K1,677,IKBKB,0.6719612265316148
867,MAP3K1,888,MAPK14,1.0180914733093231
867,MAP3K1,982,NFKB1,0.6929635278880597
871,MAP3K14,982,NFKB1,0.7436465698662991
871,MAP3K14,1308,RELA,0.5374824950471521
875,MAP3K5,886,MAPK12,0.5130319648189471
875,MAP3K5,888,MAPK14,0.911235129336516
877,MAP3K7,982,NFKB1,0.5804339935382207
878,MAP3K8,279,CHUK,0.5440728943174084
878,MAP3K8,866,MAP2K7,0.5216728674558302
878,MAP3K8,982,NFKB1,0.5464567889692262
883,MAPK1,305,CREB3,0.586443987985452
883,MAPK1,448,EIF4EBP1,0.5345585989222551
883,MAPK1,465,ESR1,1.0862674609137075
883,MAPK1,466,ESR2,0.5424466489038119
883,MAPK1,764,JUN,0.8452898128889501
883,MAPK1,900,MAPT,0.559839858363072
883,MAPK1,1016,NRAS,0.5486736165980498
883,MAPK1,1120,PLA2G4A,0.9585886404539148
883,MAPK1,1123,PLA2G6,0.8930482695810498
883,MAPK1,1235,PTGS2,0.990199243541186
883,MAPK1,1308,RELA,0.7472980087002119
883,MAPK1,1460,STAT1,0.7225481620058418
884,MAPK10,114,BAX,0.7518537278519943
884,MAPK10,118,BCL2,0.6059919210150837
884,MAPK10,514,FOS,0.5197014958714136
884,MAPK10,729,IRS1,0.6266602849277356
884,MAPK10,764,JUN,0.9399335301170746
884,MAPK10,886,MAPK12,0.7572403251814346
884,MAPK10,887,MAPK13,0.6538337028895815
884,MAPK10,888,MAPK14,0.8197956005111338
884,MAPK10,978,NFATC1,0.5348539091685476
884,MAPK10,982,NFKB1,1.195257041292886
884,MAPK10,1308,RELA,0.6055777395144105
884,MAPK10,1558,TP53,0.6167441247651975
885,MAPK11,42,AKT1,1.0967429739423096
885,MAPK11,44,AKT2,0.5440542275396487
885,MAPK11,118,BCL2,0.5918419918666283
885,MAPK11,764,JUN,0.8412176955491305
885,MAPK11,979,NFATC2,0.5420628580575187
885,MAPK11,982,NFKB1,0.575131498153011
886,MAPK12,42,AKT1,0.891704470726351
886,MAPK12,118,BCL2,0.8895405363446722
886,MAPK12,764,JUN,0.9656439520418644
886,MAPK12,889,MAPK3,0.5289803109830246
886,MAPK12,978,NFATC1,0.5078379410474251
886,MAPK12,982,NFKB1,0.5024644119044145
887,MAPK13,42,AKT1,0.5252202390072246
887,MAPK13,44,AKT2,1.0034446513280273
887,MAPK13,45,AKT3,0.6379946799541357
887,MAPK13,78,ATF2,0.5496808909267809
887,MAPK13,118,BCL2,0.6611498359590771
887,MAPK13,514,FOS,0.5944178036103646
887,MAPK13,764,JUN,1.054234275703008
887,MAPK13,883,MAPK1,0.5269577125708261
887,MAPK13,889,MAPK3,0.7291162447557631
887,MAPK13,928,MEF2C,0.599624787333111
887,MAPK13,979,NFATC2,0.9018323405335348
887,MAPK13,980,NFATC3,0.5509925174216429
887,MAPK13,982,NFKB1,0.7012406009831467
887,MAPK13,1308,RELA,0.7517599274714787
888,MAPK14,42,AKT1,0.6997275439401468
888,MAPK14,118,BCL2,0.5927035094549259
888,MAPK14,764,JUN,0.6981930489341418
888,MAPK14,979,NFATC2,0.5465684497728944
889,MAPK3,465,ESR1,0.8804981732081311
889,MAPK3,764,JUN,0.8399105180675784
889,MAPK3,900,MAPT,0.6393515068416794
889,MAPK3,1120,PLA2G4A,1.1035022617007295
889,MAPK3,1123,PLA2G6,0.8149611654380957
889,MAPK3,1235,PTGS2,0.8769646016259988
890,MAPK7,764,JUN,1.00984194916673
890,MAPK7,1235,PTGS2,0.8351965985571344
891,MAPK8,118,BCL2,0.8415563811237613
891,MAPK8,313,CRKL,0.5853205733932555
891,MAPK8,764,JUN,0.6374131147827332
891,MAPK8,888,MAPK14,0.6305819287896157
891,MAPK8,982,NFKB1,0.7777091197669506
892,MAPK8IP1,891,MAPK8,0.5214291424180071
895,MAPK9,313,CRKL,0.7616028875112534
895,MAPK9,764,JUN,0.7950037035780648
895,MAPK9,888,MAPK14,0.6894766039835909
895,MAPK9,982,NFKB1,0.623648857154573
913,MECOM,891,MAPK8,0.5872837997972965
913,MECOM,895,MAPK9,0.6588651139910022
914,MED1,1353,RXRB,0.6925003493825596
915,MED12,1353,RXRB,0.5227355568048855
916,MED12L,914,MED1,0.5626044285483658
916,MED12L,915,MED12,0.5223622516418497
916,MED12L,918,MED13L,0.5038552409658829
916,MED12L,1352,RXRA,0.7818672037993868
916,MED12L,1353,RXRB,0.9094536436954512
916,MED12L,1528,THRA,0.6192397765815258
916,MED12L,1529,THRB,0.9578962286313374
917,MED13,1352,RXRA,0.5057126261293888
918,MED13L,1352,RXRA,0.7433679441766192
918,MED13L,1353,RXRB,0.8498466592670108
919,MED14,1352,RXRA,0.5442353651237984
920,MED16,1353,RXRB,0.7220319713155429
921,MED17,1352,RXRA,0.6652621904077629
921,MED17,1353,RXRB,0.8502223607773582
923,MED27,1353,RXRB,0.7051405432323614
924,MED30,1352,RXRA,0.7028596700392276
924,MED30,1353,RXRB,0.982518965533624
925,MED4,1352,RXRA,0.5409945392416072
925,MED4,1353,RXRB,0.6252862804879745
931,MET,599,GRB2,0.6494962474486479
931,MET,1385,SHC1,0.5341395336436107
944,MMP9,426,EDN1,0.5140042573912069
949,MRAS,145,BRAF,0.7917551578332981
949,MRAS,1100,PIK3CB,0.6138464286302527
949,MRAS,1101,PIK3CD,0.5207242488861084
949,MRAS,1103,PIK3R1,0.7260674894942593
949,MRAS,1264,RAF1,1.1346843698993323
949,MRAS,1320,RIN1,0.7298687774377565
951,MTCP1,42,AKT1,0.7993494984849046
969,NCOA1,118,BCL2,0.8065287970006466
969,NCOA1,787,KRT14,0.7146518465131521
969,NCOA1,790,KRT17,0.5276396449034413
969,NCOA1,791,KRT18,0.5049432821571826
969,NCOA1,1353,RXRB,0.5457849957048894
969,NCOA1,1528,THRA,0.5397339747597774
970,NCOA2,118,BCL2,0.6516698987223207
970,NCOA2,465,ESR1,0.9484419976671538
970,NCOA2,466,ESR2,0.8366958808774747
970,NCOA2,787,KRT14,0.7907180189931144
970,NCOA2,790,KRT17,0.6227080083141724
970,NCOA2,969,NCOA1,0.5216548135581737
970,NCOA2,1352,RXRA,0.7823871057325353
970,NCOA2,1353,RXRB,0.8480584301597749
971,NCOA3,118,BCL2,0.9905810880474748
971,NCOA3,787,KRT14,0.8055931849094728
971,NCOA3,791,KRT18,0.6131260829977692
971,NCOA3,1280,RARA,0.6422058706792693
971,NCOA3,1352,RXRA,0.9825890922298032
971,NCOA3,1353,RXRB,0.7596316972747446
971,NCOA3,1528,THRA,0.5813504480135937
971,NCOA3,1529,THRB,0.5106144002289511
972,NCOR1,1353,RXRB,0.7450308685811857
978,NFATC1,926,MEF2A,0.5791026645029586
978,NFATC1,928,MEF2C,0.5018468600853035
978,NFATC1,1235,PTGS2,1.125964972252647
978,NFATC1,1545,TNF,0.578534591384232
979,NFATC2,317,CSF2,0.772914507056703
979,NFATC2,1235,PTGS2,0.795117374509573
979,NFATC2,1545,TNF,0.9774024046026172
980,NFATC3,1235,PTGS2,0.7974904637162884
980,NFATC3,1545,TNF,0.6215544433643421
981,NFATC4,1235,PTGS2,1.6060364781568446
982,NFKB1,118,BCL2,0.7109186141441266
982,NFKB1,258,CDK4,0.5124990466671685
982,NFKB1,1235,PTGS2,0.8617204224069912
982,NFKB1,1545,TNF,0.7428830482686559
984,NFKBIA,982,NFKB1,1.1402453050017356
986,NFKBIE,982,NFKB1,0.8019292882333199
986,NFKBIE,1308,RELA,0.6209590038284661
987,NGF,316,CSF1R,1.1617973126335224
987,NGF,437,EGFR,0.6911296221117179
987,NGF,458,EPHA2,0.9661261058722932
987,NGF,460,ERBB2,0.6290660841390491
987,NGF,495,FGFR1,1.4320891663432118
987,NGF,496,FGFR2,0.969479834785064
987,NGF,498,FGFR4,0.6769365569654231
987,NGF,507,FLT1,1.0468964942265302
987,NGF,508,FLT3,1.3346712093800308
987,NGF,510,FLT4,1.3645085456470647
987,NGF,674,IGF1R,0.5396909517924845
987,NGF,776,KDR,1.026065069188674
987,NGF,780,KIT,0.9697977192699908
987,NGF,931,MET,0.6275315815893312
987,NGF,1023,NTRK1,1.2978866490224998
987,NGF,1024,NTRK2,0.6767073789921899
987,NGF,1067,PDGFRA,1.004987238968412
987,NGF,1068,PDGFRB,1.087526359843711
988,NGFR,251,CDC42,0.7332848961591177
988,NGFR,312,CRK,0.5433042891323566
988,NGFR,729,IRS1,0.6664306421143313
988,NGFR,1099,PIK3CA,1.0199811566621064
988,NGFR,1100,PIK3CB,0.9045638379019996
988,NGFR,1103,PIK3R1,0.5959263246584062
988,NGFR,1127,PLCB2,0.5342668361961842
988,NGFR,1128,PLCB3,0.7288525987416504
988,NGFR,1260,RAC1,1.1666689363618692
988,NGFR,1385,SHC1,0.5635165094708403
988,NGFR,1388,SHC4,0.8382825297924379
994,NLRP12,982,NFKB1,1.2561591999605302
998,NOD2,993,NLRP1,0.7671012934607764
1002,NOS3,886,MAPK12,1.0758026123667757
1002,NOS3,887,MAPK13,0.7078427189961075
1002,NOS3,888,MAPK14,1.2837178436107932
1002,NOS3,891,MAPK8,1.0267086242636043
1002,NOS3,895,MAPK9,0.6183857440172384
1014,NPY1R,570,GNAI1,0.6768745130238434
1014,NPY1R,571,GNAI2,0.7250820037287969
1014,NPY1R,572,GNAI3,0.5998868260843059
1015,NR4A1,118,BCL2,0.6448872897773981
1015,NR4A1,1352,RXRA,0.9808191389466324
1016,NRAS,514,FOS,0.5846228898502885
1016,NRAS,764,JUN,0.7126221389199296
1016,NRAS,883,MAPK1,0.5104496839223429
1016,NRAS,888,MAPK14,0.9552477722056212
1016,NRAS,1101,PIK3CD,0.6068917086813599
1016,NRAS,1105,PIK3R3,0.5051610277344784
1016,NRAS,1264,RAF1,0.7896097938219706
1016,NRAS,1320,RIN1,0.6084008634711305
1019,NRG2,462,ERBB4,0.5223628313591083
1022,NTF4,316,CSF1R,1.0593365775722
1022,NTF4,437,EGFR,0.9350441701244564
1022,NTF4,458,EPHA2,0.7315236217982601
1022,NTF4,495,FGFR1,0.5003716877001958
1022,NTF4,496,FGFR2,0.6820912551134826
1022,NTF4,507,FLT1,0.6046718834006849
1022,NTF4,508,FLT3,0.5001003939037522
1022,NTF4,510,FLT4,0.7408148444102456
1022,NTF4,776,KDR,0.6840832639485597
1022,NTF4,780,KIT,0.9256240069245298
1022,NTF4,1023,NTRK1,0.9380427602057656
1022,NTF4,1067,PDGFRA,1.087681092120086
1022,NTF4,1068,PDGFRB,0.6001901380096873
1023,NTRK1,1,ABL1,1.7551312974343696
1023,NTRK1,525,FRS2,0.6920517163195958
1023,NTRK1,599,GRB2,1.4825278166060647
1023,NTRK1,729,IRS1,1.2559438575059176
1023,NTRK1,1134,PLCG1,0.6694299891591072
1023,NTRK1,1135,PLCG2,0.6715386489406229
1023,NTRK1,1380,SH2B1,0.7359951816499234
1023,NTRK1,1382,SH2B3,0.906215566738198
1023,NTRK1,1385,SHC1,0.8986767578870059
1023,NTRK1,1386,SHC2,0.6637557613352935
1023,NTRK1,1388,SHC4,0.6113259122086068
1024,NTRK2,1,ABL1,1.6558937236666682
1024,NTRK2,729,IRS1,0.8437354397649566
1024,NTRK2,1134,PLCG1,0.5979130094793315
1024,NTRK2,1385,SHC1,0.8376505210064352
1024,NTRK2,1386,SHC2,0.6482038074328254
1024,NTRK2,1387,SHC3,0.5555895529687405
1025,NTRK3,1,ABL1,1.710832775197923
1025,NTRK3,599,GRB2,0.7544691214027505
1025,NTRK3,729,IRS1,0.5992130985522331
1025,NTRK3,901,MATK,0.5597435330040753
1025,NTRK3,1134,PLCG1,0.8672918274319577
1025,NTRK3,1135,PLCG2,0.6571551494300365
1025,NTRK3,1385,SHC1,0.5689612537467231
1025,NTRK3,1388,SHC4,0.6447876771291097
1038,OSM,437,EGFR,1.0216673064356048
1038,OSM,1067,PDGFRA,0.9941763944768656
1038,OSM,1068,PDGFRB,1.5544501156856616
1039,OSMR,1580,TYK2,0.5319684676515559
1041,OXTR,572,GNAI3,0.624826340470463
1041,OXTR,574,GNAO1,0.7034097735149165
1043,PAK1,1264,RAF1,0.8107965078825752
1045,PAK3,866,MAP2K7,0.5898238735894362
1047,PAK6,863,MAP2K4,0.5235581005224959
1049,PARD6A,1211,PRKCI,0.8905205462748805
1049,PARD6A,1213,PRKCZ,0.7359706050095459
1050,PARD6B,1211,PRKCI,0.5984021768594782
1050,PARD6B,1213,PRKCZ,0.9777871547887722
1051,PARD6G,1211,PRKCI,0.5005465818569065
1051,PARD6G,1213,PRKCZ,0.6937071496155113
1063,PDGFA,316,CSF1R,0.8906633969396354
1063,PDGFA,437,EGFR,0.9089943942924341
1063,PDGFA,458,EPHA2,1.4280677607593435
1063,PDGFA,495,FGFR1,1.6651431580384572
1063,PDGFA,496,FGFR2,0.5824811903138954
1063,PDGFA,498,FGFR4,0.5611296884560336
1063,PDGFA,507,FLT1,1.3631823483854528
1063,PDGFA,508,FLT3,1.2593314153219883
1063,PDGFA,510,FLT4,1.7102364043394722
1063,PDGFA,776,KDR,1.1496824145278273
1063,PDGFA,780,KIT,1.4760251918962846
1063,PDGFA,1023,NTRK1,0.7942314074685176
1063,PDGFA,1067,PDGFRA,0.9732188103099664
1063,PDGFA,1068,PDGFRB,0.9794438717634572
1064,PDGFB,316,CSF1R,1.193685896337653
1064,PDGFB,437,EGFR,0.892229474351431
1064,PDGFB,458,EPHA2,0.9002542085053089
1064,PDGFB,460,ERBB2,0.5305438954072694
1064,PDGFB,495,FGFR1,0.8911001614605386
1064,PDGFB,496,FGFR2,0.8290188382224489
1064,PDGFB,497,FGFR3,0.5563526768237351
1064,PDGFB,498,FGFR4,0.5100518278195523
1064,PDGFB,507,FLT1,0.9954371644804876
1064,PDGFB,508,FLT3,0.7898048812882431
1064,PDGFB,510,FLT4,0.7196100290864706
1064,PDGFB,674,IGF1R,0.6622856399277225
1064,PDGFB,776,KDR,0.7318396162862579
1064,PDGFB,780,KIT,1.0517341223234928
1064,PDGFB,931,MET,0.7919930514724305
1064,PDGFB,1023,NTRK1,0.998682283082356
1064,PDGFB,1024,NTRK2,0.5438431849703192
1064,PDGFB,1067,PDGFRA,1.0930133284380037
1064,PDGFB,1068,PDGFRB,1.2259074186285337
1065,PDGFC,316,CSF1R,0.9836935301621754
1065,PDGFC,437,EGFR,0.7689092114567756
1065,PDGFC,458,EPHA2,0.6653405253464978
1065,PDGFC,495,FGFR1,0.6079878228406111
1065,PDGFC,496,FGFR2,0.8879263661336154
1065,PDGFC,497,FGFR3,0.5052834500869116
1065,PDGFC,498,FGFR4,0.5269901045908529
1065,PDGFC,507,FLT1,0.7907541491401693
1065,PDGFC,510,FLT4,0.9029323861099936
1065,PDGFC,776,KDR,0.8492850529961289
1065,PDGFC,780,KIT,1.1129465671877066
1065,PDGFC,1023,NTRK1,0.7325932530686259
1065,PDGFC,1067,PDGFRA,0.9544546148274096
1065,PDGFC,1068,PDGFRB,0.8606582283508033
1066,PDGFD,316,CSF1R,0.6453094178810715
1066,PDGFD,437,EGFR,0.7729146331548691
1066,PDGFD,458,EPHA2,1.035661050823789
1066,PDGFD,460,ERBB2,0.5571498163607127
1066,PDGFD,495,FGFR1,0.7150869575018683
1066,PDGFD,496,FGFR2,0.8326372443077465
1066,PDGFD,507,FLT1,1.0312074303627017
1066,PDGFD,508,FLT3,1.1779346776505308
1066,PDGFD,510,FLT4,1.159166767060136
1066,PDGFD,674,IGF1R,0.5499203675736983
1066,PDGFD,776,KDR,0.8979396550605694
1066,PDGFD,780,KIT,1.5744984494522214
1066,PDGFD,1023,NTRK1,0.5747297682799399
1066,PDGFD,1067,PDGFRA,1.4802189376205206
1066,PDGFD,1068,PDGFRB,1.2605631766219936
1067,PDGFRA,312,CRK,0.694445056344072
1067,PDGFRA,313,CRKL,0.7569702945621732
1067,PDGFRA,541,GAB1,0.5190447102688873
1067,PDGFRA,542,GAB2,0.8807156594780585
1067,PDGFRA,599,GRB2,0.7657331136055291
1067,PDGFRA,729,IRS1,1.270172357435028
1067,PDGFRA,761,JAK1,0.6532326438309004
1067,PDGFRA,763,JAK3,0.5061945622165998
1067,PDGFRA,1099,PIK3CA,0.5547770165062199
1067,PDGFRA,1101,PIK3CD,1.004342155655225
1067,PDGFRA,1104,PIK3R2,0.5730920407921076
1067,PDGFRA,1105,PIK3R3,0.7130814249937734
1067,PDGFRA,1126,PLCB1,0.6533828436629847
1067,PDGFRA,1129,PLCB4,0.5214286462869495
1067,PDGFRA,1134,PLCG1,0.6625899656016069
1067,PDGFRA,1239,PTPN11,0.6597248018952087
1067,PDGFRA,1385,SHC1,0.5491648945646981
1067,PDGFRA,1386,SHC2,0.7600931053981186
1067,PDGFRA,1580,TYK2,0.6356721999744575
1068,PDGFRB,312,CRK,0.635065779214104
1068,PDGFRB,313,CRKL,0.6913493672385812
1068,PDGFRB,542,GAB2,0.8639360987891754
1068,PDGFRB,599,GRB2,1.0411217518771687
1068,PDGFRB,729,IRS1,1.1306272722159822
1068,PDGFRB,762,JAK2,0.7544321529567242
1068,PDGFRB,1099,PIK3CA,0.7345886592442791
1068,PDGFRB,1101,PIK3CD,0.5608072832071532
1068,PDGFRB,1126,PLCB1,1.185689901995162
1068,PDGFRB,1128,PLCB3,0.6244047813195115
1068,PDGFRB,1239,PTPN11,0.7721336072931687
1068,PDGFRB,1385,SHC1,0.7311611944809556
1068,PDGFRB,1388,SHC4,0.5958257652508715
1072,PDPK1,42,AKT1,0.6062771711566408
1072,PDPK1,1213,PRKCZ,0.5233106442416707
1084,PGF,316,CSF1R,0.7987339982762932
1084,PGF,458,EPHA2,0.8402539923166235
1084,PGF,495,FGFR1,1.1333324766407409
1084,PGF,496,FGFR2,0.8736359361559153
1084,PGF,507,FLT1,1.4292138318220775
1084,PGF,508,FLT3,0.8979720633476973
1084,PGF,510,FLT4,1.2749319055428108
1084,PGF,776,KDR,1.049742839174966
1084,PGF,780,KIT,0.8680370142062505
1084,PGF,1023,NTRK1,0.8125467193002502
1084,PGF,1067,PDGFRA,0.6229981272170941
1084,PGF,1068,PDGFRB,0.666371671234568
1091,PHLPP1,42,AKT1,0.6958531152146558
1091,PHLPP1,44,AKT2,0.5354241608952482
1093,PIAS1,1465,STAT5B,0.8571515123980741
1094,PIAS2,1460,STAT1,0.5993802015669644
1094,PIAS2,1462,STAT3,0.8133188583732892
1094,PIAS2,1465,STAT5B,0.5853357322514058
1094,PIAS2,1466,STAT6,0.5188578920283665
1095,PIAS3,1462,STAT3,0.704305517518272
1095,PIAS3,1465,STAT5B,0.6232971120625734
1096,PIAS4,1462,STAT3,0.5680761099346758
1096,PIAS4,1465,STAT5B,0.5649299781448159
1097,PIK3AP1,1099,PIK3CA,0.95497924964875
1097,PIK3AP1,1100,PIK3CB,0.8112923118130614
1097,PIK3AP1,1103,PIK3R1,0.6127232636325062
1097,PIK3AP1,1104,PIK3R2,0.6932696860904495
1097,PIK3AP1,1105,PIK3R3,0.7250748791576673
1099,PIK3CA,42,AKT1,0.6509831036285808
1099,PIK3CA,952,MTOR,1.0739279181075592
1099,PIK3CA,1072,PDPK1,0.7151942008485397
1099,PIK3CA,1211,PRKCI,0.7718795501316587
1099,PIK3CA,1213,PRKCZ,0.8898224136481679
1099,PIK3CA,1264,RAF1,0.6050466737089057
1099,PIK3CA,1452,SRC,0.8337660967061917
1100,PIK3CB,42,AKT1,0.8240294541232288
1100,PIK3CB,44,AKT2,0.5129297800362109
1100,PIK3CB,952,MTOR,1.232843109716972
1100,PIK3CB,1072,PDPK1,0.7442464607457321
1100,PIK3CB,1213,PRKCZ,0.7997554447424288
1100,PIK3CB,1452,SRC,0.5796905260222653
1101,PIK3CD,42,AKT1,0.8013583810456718
1101,PIK3CD,44,AKT2,0.7247426212454835
1101,PIK3CD,193,CASP3,0.5128053819139798
1101,PIK3CD,635,HIF1A,0.5755444801412523
1101,PIK3CD,645,HRAS,0.7386857206001878
1101,PIK3CD,783,KRAS,0.9505585256963968
1101,PIK3CD,952,MTOR,1.0878092174107827
1101,PIK3CD,1016,NRAS,0.5095129225092629
1101,PIK3CD,1072,PDPK1,0.8094708306094008
1101,PIK3CD,1211,PRKCI,0.5850075295194984
1101,PIK3CD,1213,PRKCZ,0.9981459165923298
1101,PIK3CD,1264,RAF1,0.6803814352024347
1101,PIK3CD,1452,SRC,1.1006696960888804
1101,PIK3CD,1528,THRA,0.7225498312463363
1102,PIK3CG,42,AKT1,0.9940608447417616
1102,PIK3CG,44,AKT2,1.1204570605109134
1102,PIK3CG,45,AKT3,0.5489344552838399
1102,PIK3CG,437,EGFR,0.7012915711423072
1102,PIK3CG,645,HRAS,1.0768276512778054
1102,PIK3CG,1016,NRAS,0.8549313943018206
1102,PIK3CG,1213,PRKCZ,0.9975085644672316
1103,PIK3R1,42,AKT1,0.6386493076415111
1103,PIK3R1,783,KRAS,0.5966907313093542
1103,PIK3R1,952,MTOR,1.0423860867818195
1103,PIK3R1,1016,NRAS,0.6151165969708624
1103,PIK3R1,1072,PDPK1,0.7065562389170129
1103,PIK3R1,1211,PRKCI,0.7036567476888496
1103,PIK3R1,1213,PRKCZ,0.7591503618905941
1103,PIK3R1,1261,RAC2,0.5501187549903989
1103,PIK3R1,1262,RAC3,0.5047256506979466
1103,PIK3R1,1264,RAF1,0.7539049931491415
1103,PIK3R1,1452,SRC,0.8307899592444301
1104,PIK3R2,42,AKT1,0.6217944941793879
1104,PIK3R2,952,MTOR,0.7938554329797625
1104,PIK3R2,1072,PDPK1,0.9276380016972934
1104,PIK3R2,1211,PRKCI,0.9191237217746676
1104,PIK3R2,1213,PRKCZ,0.7174174211919307
1104,PIK3R2,1260,RAC1,0.5114399567246437
1104,PIK3R2,1264,RAF1,0.6114817114546895
1104,PIK3R2,1452,SRC,0.9228905696111421
1105,PIK3R3,42,AKT1,0.6894049173220992
1105,PIK3R3,44,AKT2,0.6613565967107813
1105,PIK3R3,645,HRAS,0.7606974691928675
1105,PIK3R3,952,MTOR,1.1732551813125611
1105,PIK3R3,1016,NRAS,0.997600215487182
1105,PIK3R3,1072,PDPK1,0.5854480004869401
1105,PIK3R3,1211,PRKCI,0.6375061102832358
1105,PIK3R3,1213,PRKCZ,0.9152724776882676
1105,PIK3R3,1264,RAF1,1.2452112520734469
1105,PIK3R3,1452,SRC,1.266614776911835
1105,PIK3R3,1528,THRA,0.6019527723547071
1107,PIK3R5,42,AKT1,1.2744018385497229
1107,PIK3R5,44,AKT2,0.7502731370118756
1107,PIK3R5,437,EGFR,0.8302116118643122
1107,PIK3R5,645,HRAS,0.5510445198665063
1107,PIK3R5,755,ITK,0.5643586455145849
1107,PIK3R5,783,KRAS,0.6103075763986756
1107,PIK3R5,1016,NRAS,0.5050612665247173
1107,PIK3R5,1213,PRKCZ,1.0188210922138143
1107,PIK3R5,1236,PTK2,0.6604284677732115
1126,PLCB1,437,EGFR,0.7803383464459328
1126,PLCB1,1207,PRKCB,0.9135838330645736
1126,PLCB1,1209,PRKCE,0.5087579847235854
1127,PLCB2,437,EGFR,0.7346119119475285
1127,PLCB2,1206,PRKCA,1.1734370624646544
1127,PLCB2,1207,PRKCB,0.6086284374197324
1127,PLCB2,1208,PRKCD,0.7341212574392557
1127,PLCB2,1209,PRKCE,0.7304179980109136
1128,PLCB3,1206,PRKCA,1.1397191906347872
1128,PLCB3,1207,PRKCB,0.6710114969561497
1128,PLCB3,1208,PRKCD,0.70979782451177
1128,PLCB3,1209,PRKCE,0.505708719867592
1129,PLCB4,437,EGFR,0.9995103128254414
1129,PLCB4,1206,PRKCA,0.965486051607877
1129,PLCB4,1207,PRKCB,1.3213397248337666
1129,PLCB4,1208,PRKCD,0.7560261175191649
1129,PLCB4,1209,PRKCE,0.6442873700444276
1134,PLCG1,1120,PLA2G4A,1.092983459495008
1134,PLCG1,1206,PRKCA,0.8927847442527611
1134,PLCG1,1207,PRKCB,0.7887779159704222
1134,PLCG1,1208,PRKCD,0.6123591906080643
1134,PLCG1,1210,PRKCG,0.6974746818343798
1135,PLCG2,1120,PLA2G4A,1.1889633839329083
1135,PLCG2,1206,PRKCA,0.8963928602014978
1135,PLCG2,1207,PRKCB,0.930971484693388
1135,PLCG2,1208,PRKCD,0.6669801742304116
1135,PLCG2,1210,PRKCG,0.7281354119380316
1165,PPP2CA,42,AKT1,0.7440892265333483
1165,PPP2CA,44,AKT2,0.5277733192856735
1165,PPP2CA,118,BCL2,0.9852244321877758
1166,PPP2CB,42,AKT1,0.6835059525445103
1166,PPP2CB,118,BCL2,0.6651513478408257
1167,PPP2R1A,42,AKT1,0.6174242496180038
1168,PPP2R1B,42,AKT1,0.6205035922427973
1168,PPP2R1B,118,BCL2,0.6792388206347824
1169,PPP2R2A,42,AKT1,0.6264568342206379
1169,PPP2R2A,118,BCL2,0.6820038176917782
1170,PPP2R2B,42,AKT1,0.6038679646017651
1170,PPP2R2B,44,AKT2,1.0342081691448886
1170,PPP2R2B,45,AKT3,0.9103818181358898
1170,PPP2R2B,118,BCL2,1.962001873739064
1171,PPP2R2C,42,AKT1,0.5905911815663178
1171,PPP2R2C,44,AKT2,0.8521351343641679
1171,PPP2R2C,45,AKT3,0.5743648889164129
1171,PPP2R2C,118,BCL2,0.6770012872914473
1172,PPP2R2D,42,AKT1,0.7178234715480357
1172,PPP2R2D,118,BCL2,0.6821745929618677
1173,PPP2R3A,118,BCL2,0.7480086421594024
1174,PPP2R3B,42,AKT1,0.5363939934875817
1174,PPP2R3B,44,AKT2,0.6863589725767573
1174,PPP2R3B,118,BCL2,0.5834219820487003
1175,PPP2R3C,42,AKT1,0.6911093652248383
1176,PPP2R5A,42,AKT1,0.6976762138617535
1176,PPP2R5A,44,AKT2,0.5085281268072624
1177,PPP2R5B,42,AKT1,0.6545474290847779
1177,PPP2R5B,118,BCL2,0.5909765924637516
1178,PPP2R5C,42,AKT1,0.6474407319600384
1178,PPP2R5C,44,AKT2,0.5728683330118656
1179,PPP2R5D,42,AKT1,0.5022083067024747
1179,PPP2R5D,118,BCL2,1.0277850290449957
1180,PPP2R5E,42,AKT1,0.5195167391871413
1180,PPP2R5E,118,BCL2,0.6264850645015638
1181,PPP3CA,981,NFATC4,0.730767265955607
1182,PPP3CB,981,NFATC4,0.6915381092267732
1183,PPP3CC,981,NFATC4,0.6232223340620597
1184,PPP3R1,981,NFATC4,0.7322503540664911
1189,PREX1,1260,RAC1,0.5775687443713347
1194,PRKAA1,952,MTOR,0.8906281298957763
1195,PRKAA2,43,AKT1S1,1.0531265072058886
1195,PRKAA2,519,FOXO4,0.5517927849665284
1195,PRKAA2,952,MTOR,1.3848318573320286
1196,PRKAB1,952,MTOR,1.1430237035965547
1197,PRKAB2,952,MTOR,1.182464759905512
1198,PRKACA,861,MAP2K2,0.5290272866065303
1198,PRKACA,1194,PRKAA1,0.670589329302311
1198,PRKACA,1200,PRKAG1,0.5123481194333483
1198,PRKACA,1264,RAF1,0.7070573386115333
1198,PRKACA,1308,RELA,0.5904459177283571
1199,PRKACB,562,GLI1,0.5509474766130249
1199,PRKACB,982,NFKB1,0.9084611712023616
1199,PRKACB,1201,PRKAG2,0.5612979016126095
1199,PRKACB,1264,RAF1,0.5759275612421334
1199,PRKACB,1272,RAP1B,0.5026003109659845
1199,PRKACB,1308,RELA,0.5040663468961915
1200,PRKAG1,952,MTOR,0.8037044127471745
1201,PRKAG2,43,AKT1S1,0.5239934257968949
1201,PRKAG2,952,MTOR,1.1494599116345248
1206,PRKCA,439,EGLN2,0.5490996934939175
1206,PRKCA,440,EGLN3,0.5961276907784243
1206,PRKCA,867,MAP3K1,0.6286463440706332
1206,PRKCA,887,MAPK13,0.5108248325996101
1206,PRKCA,888,MAPK14,0.6260562870030602
1206,PRKCA,949,MRAS,0.5700876832318803
1206,PRKCA,952,MTOR,1.1855563680175691
1206,PRKCA,1120,PLA2G4A,0.9020594504506636
1206,PRKCA,1121,PLA2G4B,0.5201241743750871
1206,PRKCA,1122,PLA2G4C,0.7115836249664426
1206,PRKCA,1136,PLD1,0.5531491148440789
1206,PRKCA,1264,RAF1,1.264051172606802
1206,PRKCA,1452,SRC,0.7696961197536439
1207,PRKCB,185,CARD11,0.8703409657192727
1207,PRKCB,186,CARD14,0.5595230887178332
1207,PRKCB,362,CYBB,0.5191434119207163
1207,PRKCB,439,EGLN2,0.5045168605943521
1207,PRKCB,645,HRAS,0.8572751271072774
1207,PRKCB,783,KRAS,0.7881003114239623
1207,PRKCB,883,MAPK1,0.7331887877235809
1207,PRKCB,884,MAPK10,0.6153698431327939
1207,PRKCB,885,MAPK11,0.9935946792752172
1207,PRKCB,886,MAPK12,0.5867683389379332
1207,PRKCB,887,MAPK13,0.6994371620938182
1207,PRKCB,888,MAPK14,1.3594104193150998
1207,PRKCB,889,MAPK3,0.9451421521604062
1207,PRKCB,890,MAPK7,1.4267882091303663
1207,PRKCB,891,MAPK8,0.7768648247777795
1207,PRKCB,895,MAPK9,0.6601680406834931
1207,PRKCB,941,MMP14,0.5432157866656779
1207,PRKCB,952,MTOR,1.8172314300667487
1207,PRKCB,1008,NOX1,0.7005866360540192
1207,PRKCB,1120,PLA2G4A,1.152625950394819
1207,PRKCB,1216,PRKD3,0.5725589692282179
1207,PRKCB,1237,PTK2B,0.5341719347889011
1207,PRKCB,1264,RAF1,1.0976396159579356
1207,PRKCB,1346,RRAS2,0.6080428083116809
1207,PRKCB,1448,SPHK2,0.5107929400478799
1207,PRKCB,1452,SRC,1.1655568917592367
1208,PRKCD,861,MAP2K2,0.5951147585796813
1208,PRKCD,884,MAPK10,0.5007131583212564
1208,PRKCD,885,MAPK11,0.5270954915632804
1208,PRKCD,888,MAPK14,0.8532422636946042
1208,PRKCD,1120,PLA2G4A,1.026137196707229
1208,PRKCD,1264,RAF1,0.7504113154641042
1208,PRKCD,1452,SRC,0.6749580167233944
1209,PRKCE,887,MAPK13,0.5324319670597711
1209,PRKCE,888,MAPK14,1.004074274127682
1209,PRKCE,949,MRAS,0.5519806214918693
1209,PRKCE,962,MYLK3,0.5671761178644374
1209,PRKCE,1016,NRAS,0.6083025767157475
1209,PRKCE,1404,SLC25A4,0.5737448177766055
1209,PRKCE,1405,SLC25A5,0.5982581937685609
1210,PRKCG,439,EGLN2,0.53174981403475
1210,PRKCG,645,HRAS,1.2675443687786658
1210,PRKCG,783,KRAS,0.9256725686602296
1210,PRKCG,889,MAPK3,0.9835918683248264
1210,PRKCG,949,MRAS,0.6943897851898024
1210,PRKCG,952,MTOR,1.478045411904653
1210,PRKCG,1016,NRAS,0.6123947262763977
1210,PRKCG,1216,PRKD3,0.7996015617313483
1210,PRKCG,1264,RAF1,1.1531852200006445
1210,PRKCG,1345,RRAS,0.6467243277167047
1210,PRKCG,1346,RRAS2,0.5202098520472646
1210,PRKCG,1414,SLC9A1,0.6581539624514335
1211,PRKCI,1051,PARD6G,0.5540755786001682
1211,PRKCI,1213,PRKCZ,0.5466790299862624
1212,PRKCQ,185,CARD11,0.7171822316944599
1212,PRKCQ,279,CHUK,0.814544503421833
1212,PRKCQ,677,IKBKB,0.7834038264273355
1212,PRKCQ,679,IKBKG,0.6610546218231321
1212,PRKCQ,877,MAP3K7,0.6230925668448132
1212,PRKCQ,884,MAPK10,0.5570228079333902
1212,PRKCQ,891,MAPK8,1.0202117549876373
1212,PRKCQ,895,MAPK9,1.2179144145610432
1213,PRKCZ,42,AKT1,0.6418849211651833
1213,PRKCZ,44,AKT2,0.5839235077301661
1213,PRKCZ,884,MAPK10,0.5548767788646121
1213,PRKCZ,887,MAPK13,0.8150324621237814
1213,PRKCZ,888,MAPK14,0.892150502714018
1213,PRKCZ,891,MAPK8,0.5137478621831785
1214,PRKD1,1271,RAP1A,0.7048035205031434
1214,PRKD1,1272,RAP1B,0.9483081543662896
1216,PRKD3,1272,RAP1B,0.5277459657751024
1218,PRKG1,111,BAD,0.6047123835194725
1218,PRKG1,304,CREB1,0.7202602965446809
1218,PRKG1,305,CREB3,0.9590179745728772
1218,PRKG1,307,CREB3L2,0.5274945008413245
1218,PRKG1,309,CREB3L4,0.7401230604698261
1218,PRKG1,1126,PLCB1,0.7140750228116909
1218,PRKG1,1127,PLCB2,0.6245531787804794
1218,PRKG1,1129,PLCB4,0.6538056004792452
1218,PRKG1,1209,PRKCE,0.6088130826130509
1218,PRKG1,1264,RAF1,1.004788522538729
1219,PRKG2,78,ATF2,0.7768350946096083
1219,PRKG2,79,ATF4,0.6765980809306105
1219,PRKG2,80,ATF6B,0.5036341328329096
1219,PRKG2,304,CREB1,0.6528515905452271
1219,PRKG2,305,CREB3,0.67969355036815
1219,PRKG2,306,CREB3L1,0.5497255528423314
1219,PRKG2,307,CREB3L2,0.7875469292514027
1219,PRKG2,310,CREB5,0.7686520447023213
1219,PRKG2,1126,PLCB1,0.5154855457910646
1219,PRKG2,1128,PLCB3,0.5396012257607556
1219,PRKG2,1209,PRKCE,0.5636875386039416
1219,PRKG2,1264,RAF1,0.9402847154065967
1220,PRLR,761,JAK1,0.5169358073423306
1220,PRLR,762,JAK2,0.5723344005644322
1220,PRLR,763,JAK3,0.6804409341420978
1233,PTGER3,570,GNAI1,0.7755974154298504
1233,PTGER3,571,GNAI2,0.7389791271338859
1233,PTGER3,572,GNAI3,0.6676036401962241
1234,PTGFR,1126,PLCB1,0.6998468576620023
1234,PTGFR,1127,PLCB2,0.7278091695625334
1234,PTGFR,1128,PLCB3,0.5606796242607136
1234,PTGFR,1129,PLCB4,0.695391358838727
1236,PTK2,1105,PIK3R3,0.5127676445990801
1237,PTK2B,312,CRK,0.5195336733634273
1237,PTK2B,313,CRKL,0.5693490807277459
1237,PTK2B,1247,PXN,0.5430532492076356
1240,PTPN2,1462,STAT3,0.5475092243247975
1240,PTPN2,1465,STAT5B,0.9966874862710636
1241,PTPN6,149,BTK,0.7075687023811043
1241,PTPN6,1580,TYK2,0.7033823116992911
1242,PTPN7,883,MAPK1,0.7740971856052056
1242,PTPN7,885,MAPK11,0.5414446710453679
1242,PTPN7,886,MAPK12,0.7253416420270998
1242,PTPN7,887,MAPK13,0.8286911143610874
1242,PTPN7,888,MAPK14,1.1549847461283207
1242,PTPN7,889,MAPK3,0.9111254795221612
1242,PTPN7,895,MAPK9,1.1008398896160845
1243,PTPRC,529,FYN,0.756906077452004
1243,PTPRC,818,LCK,0.5676586501921216
1245,PTPRR,883,MAPK1,0.6723736686011156
1245,PTPRR,885,MAPK11,0.5284711894385206
1245,PTPRR,886,MAPK12,0.5227299887842188
1245,PTPRR,887,MAPK13,0.7028684009797872
1245,PTPRR,888,MAPK14,1.4553803832580643
1245,PTPRR,889,MAPK3,0.5780500818043948
1245,PTPRR,891,MAPK8,0.5725787276246895
1260,RAC1,1213,PRKCZ,0.5918452708671489
1261,RAC2,862,MAP2K3,0.6596105923565725
1261,RAC2,863,MAP2K4,0.6820153888314963
1261,RAC2,866,MAP2K7,0.5063723685840765
1261,RAC2,867,MAP3K1,0.5900950103998184
1261,RAC2,895,MAPK9,0.6209191227642199
1261,RAC2,1211,PRKCI,0.8352391670768459
1261,RAC2,1213,PRKCZ,1.088699951992991
1262,RAC3,1211,PRKCI,0.8094346864148975
1262,RAC3,1213,PRKCZ,1.1262847257157165
1269,RALBP1,251,CDC42,0.8220384463667869
1269,RALBP1,1260,RAC1,0.5151696573322018
1269,RALBP1,1262,RAC3,0.5144698986783623
1270,RALGDS,1260,RAC1,0.5982194909825921
1271,RAP1A,251,CDC42,0.6315824564856788
1271,RAP1A,1264,RAF1,0.5868519031442702
1271,RAP1A,1452,SRC,0.6772402790685494
1272,RAP1B,251,CDC42,0.6938733748664769
1272,RAP1B,1264,RAF1,0.6644402630627155
1272,RAP1B,1452,SRC,0.5694415825108686
1273,RAP1GAP,1271,RAP1A,0.7109646770850909
1273,RAP1GAP,1272,RAP1B,0.6649696394801139
1275,RAPGEF2,1016,NRAS,0.6606966025196016
1275,RAPGEF2,1271,RAP1A,0.6113997340823213
1275,RAPGEF2,1272,RAP1B,0.6887657766540844
1276,RAPGEF3,891,MAPK8,1.163821471047898
1276,RAPGEF3,1271,RAP1A,0.9398909187565248
1276,RAPGEF3,1272,RAP1B,0.5352561598178
1276,RAPGEF3,1346,RRAS2,0.6534771826739112
1277,RAPGEF4,895,MAPK9,0.7707300001755356
1281,RASA1,645,HRAS,0.6127460420752566
1283,RASA3,645,HRAS,0.5237112989649176
1284,RASA4,1016,NRAS,0.7940206383044521
1284,RASA4,1346,RRAS2,0.545422266679816
1285,RASA4B,645,HRAS,0.6368073365961512
1285,RASA4B,1016,NRAS,0.8453238266209762
1285,RASA4B,1346,RRAS2,0.5468457523578157
1286,RASAL1,645,HRAS,0.8853530019288883
1286,RASAL1,783,KRAS,0.7793437282554805
1286,RASAL1,949,MRAS,0.5146252165858944
1286,RASAL1,1016,NRAS,0.7995671427498262
1288,RASAL3,645,HRAS,0.5972145641843477
1288,RASAL3,783,KRAS,0.6904788033415873
1288,RASAL3,1016,NRAS,0.8742264094141622
1289,RASGRF1,645,HRAS,0.7408802790644888
1289,RASGRF1,783,KRAS,0.6072224664501846
1289,RASGRF1,1016,NRAS,0.7771336493703227
1289,RASGRF1,1346,RRAS2,0.7916214453677336
1290,RASGRF2,645,HRAS,0.7142671694979073
1290,RASGRF2,783,KRAS,0.7072779469812909
1291,RASGRP1,645,HRAS,0.520321964022393
1291,RASGRP1,783,KRAS,0.5940854980920752
1291,RASGRP1,949,MRAS,0.5609703194815666
1291,RASGRP1,1016,NRAS,0.5061194298788905
1292,RASGRP2,645,HRAS,0.6257130719100436
1292,RASGRP2,783,KRAS,0.6761125264301275
1292,RASGRP2,1016,NRAS,0.6693252400184672
1292,RASGRP2,1271,RAP1A,0.5118320377543569
1293,RASGRP3,783,KRAS,0.7288466427475214
1293,RASGRP3,949,MRAS,0.6033440033361936
1293,RASGRP3,1016,NRAS,0.5177768675610422
1293,RASGRP3,1272,RAP1B,0.5948304981614153
1293,RASGRP3,1346,RRAS2,0.5275532145053149
1294,RASGRP4,783,KRAS,0.7356098796551427
1294,RASGRP4,1016,NRAS,0.7859247948974369
1308,RELA,1235,PTGS2,1.2100605459883809
1308,RELA,1545,TNF,0.6380066812659303
1316,RHEB,952,MTOR,1.010652374352018
1320,RIN1,1,ABL1,1.02566761529694
1320,RIN1,2,ABL2,0.8737908443125586
1322,RIPK2,1567,TRAF3,0.6306172686585341
1328,ROCK1,982,NFKB1,0.5675229574243227
1329,ROCK2,982,NFKB1,0.7662079242135708
1332,RPS6KA1,1016,NRAS,0.5751072719615573
1333,RPS6KA2,79,ATF4,0.5176377892804642
1333,RPS6KA2,645,HRAS,0.8860769333007434
1333,RPS6KA2,1016,NRAS,0.9820493168197572
1336,RPS6KA5,305,CREB3,0.5313671840044359
1337,RPS6KA6,79,ATF4,0.5250885495450348
1337,RPS6KA6,783,KRAS,0.6255605475559909
1340,RPTOR,1581,ULK1,0.5159888214897365
1345,RRAS,145,BRAF,0.6737658804903428
1345,RRAS,1136,PLD1,0.5255965032925208
1345,RRAS,1264,RAF1,0.5389181884160886
1346,RRAS2,1105,PIK3R3,0.6981886809070905
1346,RRAS2,1264,RAF1,0.5656492420161764
1350,RXFP1,570,GNAI1,0.9994352942177404
1350,RXFP1,571,GNAI2,0.7792955320949355
1350,RXFP1,572,GNAI3,0.7672840004631628
1350,RXFP1,574,GNAO1,0.5701527922724684
1351,RXFP4,570,GNAI1,0.5573557107554128
1351,RXFP4,571,GNAI2,0.501220585188518
1351,RXFP4,572,GNAI3,0.5688815150409936
1351,RXFP4,574,GNAO1,0.5155286301548282
1352,RXRA,1353,RXRB,0.8591060285146037
1355,S1PR1,572,GNAI3,0.6117520983330905
1356,S1PR2,572,GNAI3,0.7176660615950823
1357,S1PR3,570,GNAI1,0.5640016609802841
1357,S1PR3,571,GNAI2,0.7529976118355991
1357,S1PR3,572,GNAI3,0.6861984921347659
1358,S1PR4,572,GNAI3,0.5408057202895482
1359,S1PR5,570,GNAI1,0.6436845382520309
1359,S1PR5,572,GNAI3,0.5209135140214737
1378,SGK2,519,FOXO4,0.5928156666457653
1380,SH2B1,599,GRB2,0.6129760269075633
1381,SH2B2,599,GRB2,0.7697449199234446
1382,SH2B3,599,GRB2,0.691213514842093
1385,SHC1,599,GRB2,0.7869414431974291
1385,SHC1,1452,SRC,0.7009438305161892
1386,SHC2,541,GAB1,0.554202699388649
1386,SHC2,1452,SRC,1.2967883909742035
1387,SHC3,599,GRB2,0.8530671330421076
1387,SHC3,1452,SRC,1.213102143878738
1388,SHC4,1452,SRC,0.7314693304399649
1391,SHOC2,1264,RAF1,0.8107994399964809
1396,SIN3A,627,HDAC1,0.9241580934147352
1396,SIN3A,628,HDAC2,0.6902749042958021
1396,SIN3A,629,HDAC3,0.7160049849500258
1396,SIN3A,1352,RXRA,0.6719624058537494
1396,SIN3A,1353,RXRB,0.9020584011450408
1397,SIPA1,1271,RAP1A,0.6641195465189714
1397,SIPA1,1272,RAP1B,0.657862564556611
1399,SIPA1L2,1271,RAP1A,0.5218234155947963
1401,SKAP1,1271,RAP1A,0.781385394577713
1401,SKAP1,1272,RAP1B,0.7495255233564725
1404,SLC25A4,1405,SLC25A5,0.5282190379376214
1418,SMAD4,1498,TCF7,0.5072711328975856
1432,SOCS1,761,JAK1,0.8349007543797294
1432,SOCS1,763,JAK3,0.5533148627573004
1432,SOCS1,1460,STAT1,0.601045205257833
1432,SOCS1,1462,STAT3,0.6010193306176613
1432,SOCS1,1465,STAT5B,1.1332960408976456
1432,SOCS1,1580,TYK2,0.8111325316441556
1433,SOCS2,761,JAK1,0.6621143652242609
1433,SOCS2,762,JAK2,0.5976011328399181
1433,SOCS2,1460,STAT1,0.5991618022633095
1433,SOCS2,1462,STAT3,0.5024956041326125
1433,SOCS2,1465,STAT5B,1.450538482501482
1433,SOCS2,1580,TYK2,0.5738851852708952
1434,SOCS3,761,JAK1,0.5994650062484047
1434,SOCS3,1460,STAT1,0.6545678547971572
1434,SOCS3,1462,STAT3,0.6752895074586073
1434,SOCS3,1465,STAT5B,1.2782668252786002
1434,SOCS3,1580,TYK2,0.7394601145759225
1435,SOCS4,1465,STAT5B,0.7300786277589699
1435,SOCS4,1580,TYK2,0.557653654863437
1436,SOCS5,1465,STAT5B,0.7609087964830299
1437,SOCS6,1460,STAT1,0.5135163417047199
1437,SOCS6,1465,STAT5B,0.7791234268185994
1437,SOCS6,1580,TYK2,0.516594518876324
1438,SOCS7,1580,TYK2,0.5825404285142819
1442,SOS1,645,HRAS,0.5619443943103154
1442,SOS1,1016,NRAS,0.6129883975721896
1443,SOS2,599,GRB2,0.5825841412569085
1447,SPHK1,645,HRAS,0.6392849180847406
1447,SPHK1,1016,NRAS,0.6564976221571366
1451,SPP1,1236,PTK2,0.5633033970681329
1452,SRC,251,CDC42,0.7380277699635674
1452,SRC,397,DOCK2,0.6522159033454954
1452,SRC,437,EGFR,0.5843338777000706
1452,SRC,645,HRAS,0.5950560843882461
1452,SRC,1103,PIK3R1,0.8427870241459458
1452,SRC,1264,RAF1,0.8557492473473151
1452,SRC,1385,SHC1,0.6004086957002679
1455,SSTR2,570,GNAI1,0.6148311284060279
1459,STAM2,1580,TYK2,0.6144789003844684
1460,STAT1,59,AOX1,0.5511292931701367
1460,STAT1,118,BCL2,0.6435612986485163
1460,STAT1,465,ESR1,1.0148522153496742
1460,STAT1,466,ESR2,0.5985529752448201
1460,STAT1,558,GFAP,0.5441642178222538
1460,STAT1,1462,STAT3,0.6343937932824095
1461,STAT2,59,AOX1,0.5757604885535936
1461,STAT2,1437,SOCS6,0.6798600371092713
1461,STAT2,1462,STAT3,0.5757118259867032
1461,STAT2,1465,STAT5B,0.6964850071972857
1462,STAT3,59,AOX1,0.5027044765961667
1462,STAT3,118,BCL2,0.8039474415282408
1462,STAT3,465,ESR1,0.7495166358227532
1462,STAT3,635,HIF1A,0.7012966192016998
1462,STAT3,1465,STAT5B,0.5599287802974383
1463,STAT4,118,BCL2,1.1155833121389152
1463,STAT4,1464,STAT5A,0.5309505267068743
1463,STAT4,1465,STAT5B,1.2842345693459112
1464,STAT5A,118,BCL2,1.2920585113267105
1464,STAT5A,120,BCL2L1,0.5814635371750531
1464,STAT5A,465,ESR1,1.0836730123187104
1464,STAT5A,466,ESR2,0.9988964151591064
1464,STAT5A,558,GFAP,0.5692379976312321
1464,STAT5A,1465,STAT5B,0.8437820831662975
1464,STAT5A,1466,STAT6,0.599728059892853
1465,STAT5B,118,BCL2,0.8944291222840548
1465,STAT5B,465,ESR1,1.054868047684431
1465,STAT5B,466,ESR2,0.8349052369284133
1465,STAT5B,558,GFAP,0.6681959937637051
1465,STAT5B,1466,STAT6,0.5432610362069681
1466,STAT6,118,BCL2,1.2085660815859836
1466,STAT6,213,CCND1,0.5344683298841119
1466,STAT6,904,MCL1,0.5030757285654545
1466,STAT6,1437,SOCS6,0.6877897617717584
1475,STRADB,1194,PRKAA1,0.586818174670528
1475,STRADB,1196,PRKAB1,0.5286829248070717
1476,SUCNR1,572,GNAI3,0.6433424594656874
1479,SYK,149,BTK,0.778378926962614
1479,SYK,542,GAB2,0.6892859088256955
1479,SYK,1100,PIK3CB,0.8796077471536894
1479,SYK,1101,PIK3CD,0.6827911508580049
1479,SYK,1103,PIK3R1,0.7333721135587743
1479,SYK,1105,PIK3R3,0.6955176396605869
1479,SYK,1239,PTPN11,0.7837420548001925
1483,TAB3,877,MAP3K7,0.6134736529551447
1492,TBC1D7,1316,RHEB,0.7321808378367374
1493,TBK1,982,NFKB1,0.5827816260357699
1494,TBKBP1,679,IKBKG,0.5239065915268535
1498,TCF7,764,JUN,1.277396667849583
1499,TCF7L1,213,CCND1,0.5011109181679786
1499,TCF7L1,764,JUN,0.9297822778889288
1500,TCF7L2,764,JUN,0.9516233596019448
1502,TEAD2,213,CCND1,0.7406895946672496
1505,TEC,1134,PLCG1,0.5247915568451086
1506,TEK,312,CRK,0.6076688683358953
1506,TEK,599,GRB2,0.7438610992083946
1506,TEK,729,IRS1,0.5084041250869632
1506,TEK,1128,PLCB3,0.7096776879159734
1506,TEK,1385,SHC1,0.7195965672532717
1506,TEK,1388,SHC4,0.8075222036840084
1514,TGFA,316,CSF1R,1.511048155464232
1514,TGFA,437,EGFR,0.5247416638458768
1514,TGFA,458,EPHA2,1.4408456948896249
1514,TGFA,460,ERBB2,0.5110963746750107
1514,TGFA,462,ERBB4,0.5201851789985085
1514,TGFA,495,FGFR1,0.8825901173055173
1514,TGFA,496,FGFR2,0.5236718877529104
1514,TGFA,497,FGFR3,0.6253640222828836
1514,TGFA,498,FGFR4,0.6280853869548688
1514,TGFA,507,FLT1,0.6031521882551413
1514,TGFA,508,FLT3,0.5780682101845741
1514,TGFA,510,FLT4,0.8474163656743864
1514,TGFA,776,KDR,1.0180541033546129
1514,TGFA,780,KIT,1.0901064721867442
1514,TGFA,1023,NTRK1,1.4579291848155358
1514,TGFA,1024,NTRK2,0.5334677393237749
1514,TGFA,1067,PDGFRA,1.1613680123661954
1514,TGFA,1068,PDGFRB,0.9419528988500436
1523,THBS2,1236,PTK2,0.8728194356537036
1525,THBS4,746,ITGAV,0.8535113398140917
1525,THBS4,749,ITGB3,0.8126018594795217
1525,THBS4,1236,PTK2,0.5318319736941096
1526,THEM4,42,AKT1,0.9709935317436854
1526,THEM4,44,AKT2,0.6276301431780059
1527,THPO,437,EGFR,0.7651890104636551
1527,THPO,671,IFNGR2,0.5623420541669475
1527,THPO,1067,PDGFRA,1.0937144310524065
1527,THPO,1068,PDGFRB,1.8134245901135728
1529,THRB,213,CCND1,0.6098939196517069
1529,THRB,635,HIF1A,0.5340182989758129
1529,THRB,954,MYC,0.6775312935002149
1529,THRB,1099,PIK3CA,0.9866566843042772
1529,THRB,1100,PIK3CB,0.6600068461770814
1529,THRB,1101,PIK3CD,0.98206825380524
1529,THRB,1104,PIK3R2,0.7232311843661591
1538,TLR2,1260,RAC1,0.6216379155715307
1540,TLR4,982,NFKB1,0.9924521410216888
1540,TLR4,1260,RAC1,0.9238483769198258
1544,TNC,746,ITGAV,0.6543370977664987
1544,TNC,1236,PTK2,0.5242541795596479
1548,TNFRSF11A,982,NFKB1,1.2456546474248171
1548,TNFRSF11A,1308,RELA,0.8353069516364485
1548,TNFRSF11A,1566,TRAF2,0.7855156958568841
1551,TNFRSF1B,724,IRF1,0.6816989887137122
1551,TNFRSF1B,1566,TRAF2,1.0418537078716328
1558,TP53,114,BAX,0.7137989784338666
1558,TP53,1347,RRM2,0.7528524649019043
1558,TP53,1348,RRM2B,1.2356888170974951
1563,TP73,1558,TP53,0.6879371315085638
1566,TRAF2,149,BTK,0.6110413615902265
1566,TRAF2,952,MTOR,1.2039771330232425
1567,TRAF3,149,BTK,0.7995436529318491
1568,TRAF5,877,MAP3K7,0.5985524989043673
1580,TYK2,1239,PTPN11,0.6589160213867824
1580,TYK2,1462,STAT3,0.7869158204024036
1580,TYK2,1465,STAT5B,0.5051511845861872
1586,VAV1,1260,RAC1,0.8547709661225478
1587,VAV2,251,CDC42,0.7343178738529483
1587,VAV2,1260,RAC1,0.5193348403399188
1587,VAV2,1261,RAC2,0.5625083445726584
1587,VAV2,1262,RAC3,0.5823588368327667
1588,VAV3,1261,RAC2,0.5483453892792264
1588,VAV3,1262,RAC3,0.5365827001010378
1593,VEGFA,316,CSF1R,0.6148623085891207
1593,VEGFA,437,EGFR,0.604135372551779
1593,VEGFA,458,EPHA2,0.6448126719643672
1593,VEGFA,495,FGFR1,1.0200588675991942
1593,VEGFA,496,FGFR2,0.54627632300059
1593,VEGFA,508,FLT3,0.5844385590326662
1593,VEGFA,510,FLT4,0.9244941762027642
1593,VEGFA,776,KDR,0.5454362250243624
1593,VEGFA,780,KIT,0.5652876545675098
1593,VEGFA,1023,NTRK1,0.6323593057071171
1593,VEGFA,1067,PDGFRA,0.7193250343203546
1593,VEGFA,1068,PDGFRB,0.6797515115370819
1594,VEGFB,316,CSF1R,0.5593974338533978
1594,VEGFB,458,EPHA2,0.7260119431962571
1594,VEGFB,495,FGFR1,0.6342576946131886
1594,VEGFB,510,FLT4,1.2113554008305074
1594,VEGFB,1023,NTRK1,0.6375286736836037
1594,VEGFB,1068,PDGFRB,0.8456534178927542
1595,VEGFC,316,CSF1R,0.6096160971637195
1595,VEGFC,437,EGFR,0.7079217248596251
1595,VEGFC,458,EPHA2,0.8668899660309155
1595,VEGFC,495,FGFR1,0.7377248672409528
1595,VEGFC,496,FGFR2,0.6629033466180165
1595,VEGFC,497,FGFR3,0.6375434651427592
1595,VEGFC,498,FGFR4,0.6431888044113293
1595,VEGFC,507,FLT1,0.8036076256384453
1595,VEGFC,508,FLT3,0.6075901175538699
1595,VEGFC,510,FLT4,1.0199693101303031
1595,VEGFC,674,IGF1R,0.6320752637538437
1595,VEGFC,776,KDR,0.6740242219918097
1595,VEGFC,780,KIT,0.8292827361884216
1595,VEGFC,931,MET,0.5094617639978727
1595,VEGFC,1023,NTRK1,0.7444618602593741
1595,VEGFC,1024,NTRK2,0.7368054137055878
1595,VEGFC,1067,PDGFRA,1.0115208827269573
1595,VEGFC,1068,PDGFRB,0.6853215153639516
1598,VWF,746,ITGAV,0.7361195319642623
1598,VWF,749,ITGB3,0.7188173464615831
1622,YAP1,213,CCND1,0.5211761379924913
1622,YAP1,1498,TCF7,0.5506747580443819
1629,ZAP70,389,DLG1,0.5419451538395758
1629,ZAP70,886,MAPK12,0.6564854011793311
1629,ZAP70,887,MAPK13,0.548366506677121
1629,ZAP70,888,MAPK14,0.9097283798580368
